# chapter.scene|opening event|Seo-a|NPC|choice A|outcome A|choice B|outcome B|choice C|outcome C
1.1|빈 자루를 들고 줄을 선 아이가 쓰러진 어머니를 부르며 울었다.|제 가방에는 과자가 있었는데… 책 속으로 올 때 사라졌어.|창고를 열자는 말만으로는 다음 해까지 버틸 수 없소. 그 아이의 목소리부터 들어 주겠소?|아이와 함께 물을 길어 온다|아이가 물그릇을 꼭 쥐었다. 어머니를 부르는 목소리가 조금 잦아들었다.|빈 곡식 자루를 왕에게 보여 준다|왕은 자루의 바닥을 오래 바라보았다. 행렬 뒤에 있던 사람들이 앞으로 나왔다.|아이 가족이 겨울을 넘긴 사정을 적는다|아이가 어머니의 이름을 먼저 적어 달라고 했다. 서아는 숫자 옆에 이름을 남겼다.
1.2|관리가 내민 장부에는 빌려줄 곡식보다 돌려받을 날짜가 먼저 적혀 있었다.|빌리는 사람한테는 갚는 날보다 오늘이 먼저예요.|구휼을 계속하려면 창고도 지켜야 하오. 사람을 살리고 곡식도 돌아오게 할 길을 찾는 중이오.|배급 줄의 가장 약한 사람을 안내한다|을파소가 그 사람의 사정을 듣도록 자리를 비웠다. 관리가 장부를 잠시 내려놓았다.|봄 대여와 가을 상환을 장부에 나눠 적는다|을파소는 두 칸을 가리켰다. 곡식을 거저 나누는 것과 빌려주는 것의 차이가 선명해졌다.|상환이 두려운 농민의 말을 전한다|농민이 서아 뒤에서 나와 직접 입을 열었다. 논의가 창고 밖 사람들에게까지 이어졌다.
1.3|가을 창고 앞에서 지난해 만났던 아이가 곡식 한 줌을 흘렸다.|왔구나. 봄에 들고 있던 빈 자루, 기억해.|그때 빌린 곡식을 갚으러 왔어요. 이제 내년 봄이 예전만큼 무섭지는 않아요.|아이와 흩어진 곡식을 줍는다|아이는 마지막 낟알까지 자루에 넣었다. 서아의 손에도 흙이 묻었다.|대여 장부와 상환 장부를 맞춰 본다|봄의 빈칸에 가을의 숫자가 채워졌다. 서아는 제도가 한 계절을 건넜음을 보았다.|아이에게 다음 봄의 바람을 묻는다|아이는 어머니와 함께 밭에 나가고 싶다고 답했다. 책에는 그 작은 바람이 남았다.
2.1|상인이 갈림길의 낡은 표지 앞에서 짐을 내리지 못하고 서 있었다.|길이 있는데 왜 아무도 건너지 않죠?|누구의 땅인지 달라지면 물건을 싣는 길도 달라지지요. 집으로 돌아갈 때 이 길을 쓸 수 있을지 모르겠소.|상인의 짐을 길가로 옮긴다|수레가 병사들의 길을 비켰다. 상인은 짐보다 돌아갈 가족을 먼저 걱정했다.|양쪽 길을 지나는 사람에게 행선지를 묻는다|서아는 같은 강을 두고도 사람들이 서로 다른 지명을 쓰는 것을 들었다.|옛 표지의 방향을 기록책에 그린다|상인이 자신의 고향 위치를 덧그렸다. 경계 너머에도 집이 있다는 사실이 지도에 남았다.
2.2|병사가 성문 안으로 들어가려다 민가 쪽으로 달려가는 말을 붙잡았다.|문이 열려도 사람들의 얼굴은 안 풀리네요.|낙랑군을 몰아냈다는 소식이 왔소. 하지만 성 안에 남은 사람들이 어디로 가야 할지는 아직 들리지 않았소.|민가로 달아난 말의 길을 막는다|주민이 문틈으로 나와 말을 데려갔다. 병사는 칼집에서 손을 뗐다.|피란 행렬이 지날 틈을 만들어 달라고 청한다|병사가 동료에게 길을 비우라고 소리쳤다. 주민들이 짐을 끌고 성문을 빠져나갔다.|승전 소식과 주민의 걱정을 나란히 적는다|전승 한 줄 옆에 오늘 돌아오지 못한 사람의 이름이 적혔다. 병사는 그 줄을 지우지 않았다.
2.3|주민이 새 경계선 때문에 끊긴 이웃집 길을 손가락으로 더듬었다.|지도에서는 선 하나인데, 여기서는 만날 수 없는 사람이 생기는군요.|어제까지 이웃이던 집이 저쪽에 있소. 나라의 이름이 바뀌어도 우리가 함께 살았던 날은 남아 있겠지.|주민과 예전 길의 흔적을 찾는다|풀 아래 수레 자국이 드러났다. 주민은 그 길 끝에 있던 우물을 떠올렸다.|안전하게 건널 수 있는 길을 관리에게 묻는다|주민이 따라 나섰다. 경계는 사라지지 않았지만 막연한 소문 대신 돌아갈 길을 확인했다.|두 집이 함께 썼던 우물을 책에 남긴다|주민이 우물의 모양을 고쳐 그렸다. 새로운 지도 안에 옛 생활의 흔적이 남았다.
3.1|북쪽으로 향하던 병사가 발을 절뚝이며 행렬에서 뒤처졌다.|돌아갈 때도 이 길을 걸을 수 있어요?|왕은 북쪽으로 향하라 하셨소. 나는 전쟁이 끝나면 우리 밭으로 돌아가고 싶소.|병사의 풀린 신발 끈을 묶어 준다|병사가 다시 일어섰다. 그는 서아에게 자기 밭에는 무엇을 심는지 이야기했다.|행렬 옆 주민들에게 길을 비켜 달라고 알린다|아이들이 어른 뒤로 물러났다. 병사는 고개를 숙인 뒤 동료를 따라갔다.|병사가 가족에게 전할 말을 받아 적는다|병사는 승리를 적지 않았다. 집에 돌아가고 싶다는 말만 천천히 불렀다.
3.2|성벽 아래로 내려온 병사가 피 묻은 천을 움켜쥔 채 왕의 죽음을 알렸다.|방금 전까지 지키고 있던 왕이… 이제 없다고요?|고국원왕께서 전사하셨소. 누군가는 성을 지켜야 하고, 누군가는 부상자를 옮겨야 하오.|부상자를 성문 안으로 함께 옮긴다|병사가 천을 내려놓고 들것을 잡았다. 두 사람은 울음을 삼킨 채 걸었다.|성문 앞에 몰린 사람들을 안쪽으로 안내한다|밀리던 행렬에 틈이 생겼다. 병사는 남은 사람의 수를 세기 시작했다.|병사에게 전할 가족의 이름을 묻는다|그는 한참 뒤에 동료의 이름을 말했다. 서아는 왕의 죽음 옆에 병사의 이름도 적었다.
3.3|낡은 병기와 빈 곡식 장부가 새 왕에게 올릴 문서 옆에 놓였다.|성벽만 다시 쌓으면 끝나는 일이 아니었네요.|소수림왕께서 나라를 추스를 길을 찾고 계시오. 무너진 것은 성문만이 아니오.|패전 뒤 흩어진 장부를 정리한다|서아는 군량과 백성의 호적이 함께 엉킨 것을 보았다. 관리가 분류된 문서를 받아 들었다.|성 안의 유가족이 전할 말을 모은다|승전보다 다시 살아갈 방도를 묻는 목소리가 쌓였다. 관리가 보고서의 첫머리를 고쳤다.|새 왕이 풀어야 할 일을 책에 나눠 적는다|전쟁의 상처와 제도 정비가 별개의 이야기가 아니었다. 관리가 다음 문서 꾸러미를 내밀었다.
4.1|사람들이 낯선 승려의 말뜻을 몰라 서로 다른 소문을 퍼뜨렸다.|모르는 말을 무섭다고만 하면, 아무것도 들을 수 없잖아요.|순도께서 전진에서 오셨소. 먼저 가르침을 들어 보시오. 받아들일지는 듣고 나서 생각해도 늦지 않소.|소문을 전하던 주민과 함께 설명을 듣는다|주민이 팔짱을 풀었다. 질문이 비난보다 먼저 나오기 시작했다.|승려의 짐을 쉴 곳까지 함께 옮긴다|승려가 짐을 내려놓고 사람들을 마주 보았다. 낯선 손님에게 먼저 자리가 생겼다.|전진에서 온 길과 도착한 해를 적는다|서아는 나라 이름과 372년을 따로 표시했다. 불교 수용의 출처가 소문과 구별되었다.
4.2|태학에 들어온 학생이 읽지 못한 문장을 옷소매로 가리고 있었다.|틀린 걸 들키는 게 글을 못 읽는 것보다 무섭구나.|나라 일을 맡을 사람을 기른다는데, 나는 첫 줄부터 막혔소. 웃지 않고 들어 줄 수 있겠소?|학생이 읽는 문장을 끝까지 기다린다|학생이 소매를 내렸다. 느리지만 첫 문장을 끝까지 읽었다.|책의 차례를 함께 찾는다|학생은 모르는 부분에 표시를 했다. 관리가 되는 길이 시험 한 번으로 끝나지 않음을 깨달았다.|태학 문 앞에서 학생의 목표를 적는다|학생은 벼슬 이름 대신 사람들이 알아들을 말을 쓰고 싶다고 했다. 서아는 그 말을 그대로 남겼다.
4.3|새 규정을 읽는 관리 앞에서 주민 둘이 서로 다른 관습을 주장했다.|같은 일을 두고 누구 말이 법인지 다투고 있어요.|율령을 반포해 기준을 세우려 하오. 새 글이 생겨도 사람들이 이해하지 못하면 다툼은 남소.|두 주민의 말을 차례로 받아 적는다|서로 끼어들던 목소리가 잠시 잦아들었다. 관리가 같은 쟁점을 짚었다.|관리에게 어려운 조항을 다시 읽어 달라고 한다|주민이 고개를 들어 조항을 들었다. 법을 내거는 일과 설명하는 일이 함께 필요했다.|기존 관습과 새 조항의 차이를 표시한다|주민은 자신들이 다투던 지점을 찾았다. 서아는 373년의 율령 반포를 그 옆에 적었다.
5.1|새 깃발 아래 병사가 출정 명부를 접었다가 다시 펼쳤다.|깃발은 새것인데 손은 계속 떨리고 있네요.|영락이라는 이름 아래 싸운다 하오. 나는 그 이름보다 명부에서 지워질 동료가 먼저 떠오르오.|병사와 명부의 누락된 이름을 찾는다|한 사람의 이름이 빈칸에서 돌아왔다. 병사는 명부를 단단히 접었다.|깃발을 묶는 끈을 함께 고친다|바람에 엉키던 깃발이 펼쳐졌다. 병사는 독자 연호가 가진 뜻을 서아에게 설명했다.|병사의 이름과 영락 연호를 함께 적는다|나라의 자신감과 한 사람의 불안이 같은 장에 남았다. 병사는 자기 이름을 확인했다.
5.2|신라 사신이 진흙 묻은 신발도 벗지 못한 채 구원을 청했다.|여기까지 쉬지 않고 왔군요.|왜군 때문에 신라가 위태롭소. 고구려의 원군을 청하러 왔으니 말이 끊겨도 끝까지 들어 주시오.|사신에게 물을 건네고 숨을 고르게 한다|사신이 떨리는 손으로 잔을 받았다. 그제야 구원을 청하는 말을 끝까지 이었다.|전갈을 담당 관리에게 함께 전달한다|사신은 전갈을 놓지 않은 채 서아와 걸었다. 요청은 길가의 외침에서 공식 보고가 되었다.|신라의 요청과 400년을 기록한다|사신이 나라 이름을 짚었다. 서아는 고구려가 신라를 도왔다는 관계를 화살표로 남겼다.
5.3|석공이 비석에 새길 한 글자를 잘못 짚고 밤새 굳어 있었다.|돌에는 지우개가 없으니까 더 무섭겠어요.|광개토대왕의 일을 새기는 비요. 장수왕 때 세우는 이 비에 잘못된 획을 남길 수는 없소.|석공이 원고를 다시 확인할 동안 등불을 든다|그림자가 걷히자 글자의 자리가 드러났다. 석공이 정을 다시 들었다.|새긴 글자와 원고를 한 줄씩 대조한다|서아가 읽지 못하는 글자 앞에서 석공이 뜻을 풀었다. 기록의 무게가 손끝으로 전해졌다.|광개토대왕과 비를 세운 왕을 구분해 적는다|석공은 두 이름을 번갈아 가리켰다. 서아의 책에는 업적의 주인과 비를 세운 왕이 따로 남았다.
6.1|천도 행렬에서 노인이 뒤돌아보느라 수레를 놓쳤다.|새 수도로 간다고 옛집이 마음에서 없어지는 건 아니죠.|427년, 평양으로 간다 하오. 나라에는 남쪽으로 향할 뜻이 있지만 노인에게는 돌아볼 문턱이 있소.|노인의 짐을 다음 수레까지 옮긴다|노인은 서아에게 옛집의 대문을 설명했다. 짐은 새 수도로, 기억은 말 속으로 옮겨졌다.|행렬 앞에 잠시 기다려 달라고 전한다|수레가 멈췄다. 노인이 마지막으로 뒤를 본 뒤 스스로 발을 옮겼다.|옛 도읍과 평양의 위치를 책에 표시한다|관리가 남진 방향을 짚었다. 천도는 한 노인의 이사와 나라의 전략을 동시에 바꾸었다.
6.2|불길을 피해 나온 사람이 성 안에 남은 동생의 이름을 반복했다.|같은 성을 누군가는 차지하고 누군가는 잃는 거네요.|개로왕께서 돌아가셨다는 소식을 들었소. 지금 내게는 왕도보다 동생이 먼저요.|피란민과 동생을 부를 이름표를 만든다|주민들이 이름을 따라 불렀다. 서아는 찾았다고 거짓말하지 않고 행렬의 뒤를 살폈다.|불길을 피해 갈 수 있는 길을 함께 확인한다|피란민은 돌아가려던 발을 멈췄다. 그는 안전한 곳에서 동생을 기다리기로 했다.|한성 함락과 남겨진 가족의 이름을 함께 적는다|475년이라는 숫자 아래 여러 이름이 붙었다. 전쟁의 결과가 한 줄의 승전으로 끝나지 않았다.
6.3|비석을 옮기던 밧줄이 끊어져 석공의 작업이 멈췄다.|이 돌이 여기 있다는 것만으로도 먼 남쪽까지 왔다는 흔적이군요.|글자만 보면 끝난 줄 알겠지만 어디에 세우는지도 기록이오. 이곳에 남을 자리를 봐 주겠소?|밧줄을 새로 꼬는 일을 돕는다|석공이 돌을 다시 고정했다. 사람들은 서둘러 움직이던 손을 맞췄다.|비석을 세울 터의 기울기를 함께 살핀다|석공이 흙을 다시 다졌다. 기록을 오래 남기려면 바탕부터 단단해야 했다.|충주의 위치와 고구려의 남진을 연결한다|서아는 비문을 창작해 적지 않고 장소와 관계를 표시했다. 석공이 고개를 끄덕였다.
7.1|강가의 병사가 전투가 끝난 뒤에도 물소리에 놀라 몸을 움츠렸다.|승리했다고 두려움까지 끝나지는 않는군요.|을지문덕 장군의 지휘로 수군을 물리쳤소. 하지만 물속에서 사라진 얼굴이 아직 떠오르오.|병사와 물가에서 떨어진 곳으로 걷는다|그는 멈추지 않던 손의 떨림을 바라보았다. 서아는 승전 이야기를 재촉하지 않았다.|돌아오는 부상자의 짐을 함께 나른다|병사는 동료의 목소리를 알아듣고 달려갔다. 살아 돌아온 사람의 이름부터 확인했다.|612년과 수나라의 침입을 책에 구분해 적는다|병사는 당군이라고 적힌 초안을 고쳤다. 서아는 살수의 상대가 수였음을 다시 확인했다.
7.2|안시성 성벽에서 깨진 물동이를 붙들고 있던 수비병이 이를 악물었다.|돌이 떨어져도 물부터 지키려고 했어요?|당군을 막는 동안 이 물을 나눠 마셔야 하오. 성벽 뒤의 사람까지 모두 버텨야 하니까.|남은 물을 작은 그릇에 나눠 담는다|수비병이 뒤쪽 사람에게도 물을 보냈다. 성벽 아래에서 짧은 감사가 올라왔다.|깨진 동이 대신 쓸 그릇을 찾아온다|물의 손실이 줄었다. 수비병은 다시 성벽으로 돌아가기 전에 깊이 숨을 쉬었다.|살수와 안시성의 상대 나라를 나눠 적는다|612년 수, 645년 당이 서로 다른 칸에 놓였다. 수비병이 당태종의 군대를 가리켰다.
7.3|피란민이 무너진 성문 곁에서 열쇠를 버리지 못하고 있었다.|돌아갈 집이 없어도 열쇠를 놓을 수 없는 거죠.|668년이오. 나라가 무너졌다는 말은 들었지만 내일 어디서 잠들어야 할지는 아무도 말해 주지 않았소.|피란민의 짐에서 무거운 돌을 덜어 낸다|그는 열쇠만 남겨 달라고 했다. 서아는 열쇠를 그의 손에 돌려주었다.|행렬에서 떨어진 가족을 찾는 목소리를 함께 전한다|서로의 이름이 무너진 성문 앞을 오갔다. 서아는 확인되지 않은 소식을 전하지 않았다.|고구려 멸망과 남은 사람들의 행방을 기록한다|페이지의 가장자리에 빈칸이 남았다. 서아는 살아갈 사람의 이야기가 아직 끝나지 않았음을 보았다.
8.1|관복을 준비하던 견습 관리가 색이 다른 천을 감춰 두었다.|옷 색 때문에 여기 설 수 있는 사람이 달라지는 거예요?|관등과 관복을 정하는 일이오. 옷감의 색은 취향이 아니라 관직의 질서를 드러내지.|견습과 천 꾸러미를 관등별로 정리한다|섞인 천이 제자리로 돌아갔다. 견습은 들킬까 떨던 손을 내려놓았다.|관리에게 색과 관등을 함께 읽어 달라고 한다|서아는 색 하나에도 국가의 체계가 걸려 있음을 들었다. 견습도 옆에서 귀를 기울였다.|고이왕과 16관등 정비를 기록한다|관리가 백제라는 나라 이름을 먼저 적으라고 했다. 서아는 신라의 관등과 같은 칸에 넣지 않았다.
8.2|남쪽 길에서 돌아온 병사가 얻은 땅의 이름을 읽다가 말을 멈췄다.|여기 적힌 땅에도 원래 살던 사람들이 있었겠죠.|근초고왕 때 마한 지역으로 세력을 넓혔소. 승전 목록을 쓰는 손과 집을 떠나는 사람의 발은 다른 곳에 있소.|길가 주민에게 피할 방향을 안내한다|병사는 주민이 길을 건널 동안 동료를 멈춰 세웠다. 확장의 지도 뒤에 작은 행렬이 지나갔다.|병사의 지도에 마을과 물길을 함께 표시한다|정복한 영역의 이름 옆에 사람이 사는 곳이 생겼다. 병사는 지도를 접는 속도를 늦췄다.|승전 소식 옆에 떠난 주민의 말을 적는다|주민은 고향 이름의 발음을 고쳐 주었다. 서아는 그 이름을 나라의 색 아래 지우지 않았다.
8.3|바다를 건널 칼을 포장하던 장인이 매듭을 세 번 풀었다.|한 자루를 보내는데 이렇게 오래 걸려요?|칠지도는 바다 건너 왜와의 관계를 보여 줄 물건이오. 항해에서 상처가 나면 손길도 뜻도 온전히 전해지지 못하오.|칼을 건드리지 않고 포장 천을 잡는다|장인이 칼의 가지 부분을 보호했다. 서아는 장식의 모양을 함부로 바꾸지 않았다.|선적 담당자에게 물건 둘 자리를 확인한다|짐 사이에 빈 공간이 확보되었다. 장인은 마지막 매듭을 이번에는 풀지 않았다.|백제와 왜를 잇는 항로를 책에 그린다|장인은 칼보다 길을 먼저 보라고 했다. 서아는 교류가 물건을 움직이는 사람에게서 시작됨을 적었다.
9.1|사찰 앞 주민이 새 가르침을 들으러 왔다가 집안 제사를 걱정하며 돌아섰다.|믿던 것을 버리라는 말로 들렸나 봐요.|마라난타께서 동진에서 오셨소. 두려운 마음을 조롱해서는 새 가르침도 전할 수 없소.|돌아서던 주민의 걱정을 승려에게 전한다|승려가 주민을 다시 불러 천천히 이야기를 들었다. 서아는 대답을 대신하지 않았다.|주민 곁에 앉아 설명을 함께 듣는다|주민은 낯선 의식보다 자신의 슬픔을 먼저 털어놓았다. 두 사람 사이에 자리가 생겼다.|384년과 침류왕, 동진을 한 줄에 적는다|승려가 도착한 나라 이름을 짚었다. 서아는 고구려의 전진과 섞어 쓰지 않았다.
9.2|같은 한성의 불길이 이번에는 성 안쪽 골목에서 서아를 덮쳤다.|앞 장에서 본 성이야. 이번에는 떠나는 사람들 쪽에 서 있구나.|왕이 전사하셨다 하오. 나는 장사를 접는 게 아니라 우리 집 문을 닫으러 가는 길이오.|주민과 가게의 문빗장을 함께 내린다|그는 물건을 다 가져가지 못했다. 서아는 들 수 있는 꾸러미 하나를 받아 들었다.|골목에 남은 아이들을 피란 행렬로 안내한다|주민이 아이들의 이름을 확인했다. 문을 닫던 손이 이제 작은 손을 잡았다.|475년 한성의 두 시점을 책에서 마주 놓는다|앞 장의 승전과 지금의 피란이 같은 사건으로 연결되었다. 서아는 어느 쪽의 목소리도 지우지 않았다.
9.3|웅진으로 가던 신하가 새 도읍에 가져갈 문서와 백성의 짐 사이에서 멈췄다.|나라의 기록도 중요하지만 이 수레를 더 실을 수는 없어요.|문주왕을 따라 웅진으로 가오. 서류를 버릴 수도, 사람을 걸어가게 둘 수도 없는 형편이오.|수레 바퀴를 막은 돌을 함께 치운다|행렬이 조금씩 움직였다. 신하가 짐의 순서를 다시 정했다.|문서 꾸러미를 나눠 메겠다고 제안한다|신하가 젖지 않도록 묶은 꾸러미를 건넸다. 수레에는 지친 주민이 올라탔다.|한성에서 웅진으로 향하는 길을 표시한다|서아는 천도의 원인을 한성 함락과 연결했다. 새 도읍의 이름이 피란길 끝에 적혔다.
10.1|혼인 동맹을 전할 사신이 축하 문구를 읽다가 국경 소식을 덮었다.|기쁜 자리인데 편지를 쥔 손은 왜 이렇게 굳었죠?|백제와 신라가 혼인으로 관계를 다지는 자리요. 축하 뒤에는 서로를 지킬 약속이 있소.|사신의 축하 물품이 흐트러지지 않게 잡는다|그는 말을 고른 뒤 다시 축하 문구를 읽었다. 예식의 기쁨과 정치의 긴장이 한자리에서 만났다.|동맹을 기다리는 국경 사람들의 말을 전한다|사신은 화려한 물품보다 편지의 그 대목을 오래 읽었다. 약속이 닿아야 할 사람이 드러났다.|493년과 동성왕의 혼인 동맹을 적는다|서아는 앞선 나제 동맹과 이번 혼인 동맹을 구분했다. 사신이 같은 관계의 다른 단계를 짚었다.
10.2|멀리서 온 관리가 낡은 길 안내 때문에 담로를 찾지 못했다.|중앙에서 보낸 문서가 길에서 멈춰 있으면 다스린다는 말도 멀어지겠어요.|무령왕께서 22담로에 왕족을 보내 다스리게 하셨소. 사람과 명령이 닿을 길을 정리해야 하오.|관리와 배달 순서대로 문서를 나눈다|흩어진 지역 이름이 목적지별로 모였다. 관리가 다시 출발할 채비를 했다.|교역로를 아는 주민에게 길을 함께 묻는다|주민이 지도에서 빠진 물길을 짚었다. 관리가 체면보다 정확한 길을 택했다.|22담로와 왕족 파견을 연결해 적는다|서아는 담로를 단순한 숫자로 남기지 않았다. 지방 통치와 왕권 강화가 같은 칸에 이어졌다.
10.3|왕릉 공사에 쓰일 벽돌이 비에 젖자 장인이 작업을 중단했다.|돌을 쌓는 무덤만 있는 줄 알았어요.|벽돌로 만드는 무덤이오. 남조와의 교류 흔적이 남지만 비에 젖은 재료를 서둘러 쌓을 수는 없소.|벽돌을 비에서 가릴 덮개를 함께 든다|장인이 마른 벽돌을 골랐다. 작업을 멈추는 판단이 무덤을 오래 남길 준비가 되었다.|장인이 설명하는 벽돌 구조를 관찰한다|서아는 벽돌무덤과 돌방무덤을 구분했다. 장인은 모르는 무늬를 지어내 그리지 말라고 당부했다.|무령왕릉의 지석이 알려 주는 정보를 적는다|서아는 왕과 왕비를 확인할 수 있다는 점을 기록했다. 발견 시점의 일을 당시 장인이 아는 말로 바꾸어 말하지 않았다.
11.1|새 수도 사비에 도착한 주민이 집터 앞에 웅진의 흙을 놓았다.|짐에 흙까지 가져오셨어요?|성왕께서 도읍을 사비로 옮기셨소. 새 이름 남부여를 외우는 동안에도 내 손에는 웅진이 남아 있소.|주민과 새 집터의 돌을 고른다|그는 가져온 흙을 문 앞에 뿌렸다. 새로운 생활이 옛 도읍의 기억 위에서 시작되었다.|관리가 읽는 천도 조서를 함께 듣는다|사비와 남부여가 사람들의 입으로 옮겨졌다. 주민은 새 주소를 처음으로 따라 말했다.|538년의 천도와 국호를 따로 표시한다|서아는 사비가 도시 이름, 남부여가 국호임을 구분했다. 주민이 두 칸을 번갈아 읽었다.
11.2|백제와 신라 병사가 같은 강가에서 서로의 배를 의심했다.|함께 싸웠는데도 서로 등을 맡기지는 못하는군요.|고구려에게서 한강 유역을 되찾는 데 힘을 합쳤소. 동맹이 내일도 같으리라는 보장은 없지.|두 병사가 건널 판자를 함께 놓는다|잠시나마 양쪽 사람이 같은 판자를 밟았다. 서아는 화해했다고 단정하지 않았다.|공동 작업 구역을 나눠 적는다|작업을 둘러싼 말다툼이 줄었다. 병사는 종이에 적힌 경계 밖을 오래 바라보았다.|551년의 공동 공격을 기록한다|서아는 아직 일어나지 않은 배신을 현재 병사에게 말하지 않았다. 기록책의 다음 장만 희미하게 빛났다.
11.3|전령이 성왕의 전사를 알린 뒤 먼지 묻은 입술을 깨물었다.|강가에서 함께 놓던 판자가… 이런 끝으로 이어졌구나.|관산성에서 왕께서 전사하셨소. 소식을 전해야 하는데 기다리는 사람들의 눈을 볼 자신이 없소.|전령이 소식을 전할 자리를 함께 마련한다|주민들이 모였다. 서아는 전령 대신 말을 꾸미지 않고 곁을 지켰다.|전령에게 물과 앉을 곳을 내준다|그가 입술의 먼지를 닦았다. 잠깐의 침묵 뒤 전할 말을 다시 정리했다.|551년, 553년, 554년의 페이지를 나란히 편다|동맹과 한강 장악, 관산성이 시간 순서로 놓였다. 서아는 같은 나라의 관계도 바뀐다는 것을 보았다.
12.1|석공이 깎은 돌의 균열을 보고 완성했다는 보고를 거두었다.|다 만든 줄 알았는데 다시 시작해야 해요?|미륵사의 탑을 세우는 일이오. 보이지 않는 금을 감추면 다음 사람이 돌 아래 서게 되오.|석공과 균열이 있는 돌을 따로 옮긴다|불량한 돌이 작업에서 빠졌다. 석공은 늦어진 시간을 숨기지 않았다.|안전하게 둘 공간을 먼저 비운다|다른 장인들이 돌의 상태를 살필 수 있었다. 서아는 완성보다 안전을 먼저 택했다.|미륵사지 석탑과 무왕을 연결한다|서아는 목조 건축의 요소를 돌로 표현했다는 특징을 기록했다. 돌의 세부를 상상으로 덧그리지 않았다.
12.2|향로를 옮기던 장인이 작은 형상 하나를 손으로 가리며 멈췄다.|멀리서는 하나인데 가까이 보니 작은 세계가 가득해요.|사람과 산과 동물이 한 몸에 담겼소. 빨리 끝냈다는 말보다 끝까지 보았다는 말을 듣고 싶소.|옮기는 장인의 발앞을 정리한다|향로가 흔들리지 않고 놓였다. 장인이 숨을 내쉰 뒤 작은 형상을 설명했다.|향로와 산수무늬 벽돌을 차례로 관찰한다|서아는 서로 다른 유물을 같은 물건으로 적지 않았다. 산수와 신앙을 표현하는 방식이 비교되었다.|보이는 특징만 책에 스케치한다|장인은 상상한 글자를 새겨 넣지 말라고 했다. 서아는 모르는 부분을 빈칸으로 남겼다.
12.3|순례자가 돌부처의 미소 앞에 섰다가 멀리 보이는 탑을 다시 바라보았다.|한 장에 그리면 서로 같은 곳에 있는 줄 알겠어요.|서산의 마애삼존상과 부여의 정림사지 탑은 따로 보아야 하오. 닮은 돌이어도 자리와 모습이 다르니까.|순례자와 마애삼존상의 인물 수를 확인한다|서아는 세 불상을 하나의 독립 불상으로 적었던 표시를 고쳤다. 순례자는 차이를 찾은 것을 반겼다.|기록책의 장소를 바꾸고 정림사지 탑을 살핀다|책장이 넘어가며 부여의 다른 장소가 펼쳐졌다. 순례자는 이전 시대의 길을 함께 건너지 않았다.|두 유물의 이름과 위치를 나눠 기록한다|같은 백제 문화라도 형태와 장소가 달랐다. 서아는 미소와 오층 석탑을 다른 칸에 남겼다.
13.1|새 왕의 이름을 알리는 소리에 주민이 어제 부르던 호칭을 고쳤다.|이름을 바꿔 부르는 게 나라의 힘과도 이어지나요?|내물왕 때 김씨가 왕위를 이어 가며 마립간이라는 칭호를 썼소. 부르는 말에는 달라진 질서가 담기지.|조서를 듣지 못한 사람에게 함께 읽어 준다|사람들이 호칭을 다시 물었다. 서아는 왕 칭호가 언제나 같았던 것이 아님을 설명했다.|관리와 왕위 계승 기록을 펼친다|김씨 왕위 세습이라는 변화가 드러났다. 관리는 왕의 이름만 외우지 말라고 말했다.|김씨 세습과 마립간을 연결해 적는다|서아는 지증왕의 왕 칭호와 별도의 줄을 만들었다. 뒤의 장으로 갈 빈자리가 생겼다.
13.2|백제 사신을 기다리던 신라 사신이 문밖의 발소리를 몇 번이나 확인했다.|처음 손을 내미는 쪽도 겁이 나는 거군요.|고구려의 힘 앞에서 백제와 관계를 맺으려 하오. 눌지왕 때의 이 약속을 가볍게 보아서는 안 되오.|두 사신이 마주 앉을 자리를 준비한다|서로의 얼굴이 보이도록 자리가 놓였다. 말없이 기다리던 시간이 대화로 바뀌었다.|전할 문서의 나라 이름을 함께 확인한다|사신이 잘못 접힌 문서를 고쳤다. 작은 실수가 큰 오해가 되기 전에 멈췄다.|433년의 나제 동맹을 책에 표시한다|서아는 493년의 혼인 동맹과 구분했다. 백제 장에서 들은 약속이 신라의 시점으로 이어졌다.
13.3|새 국호를 읽는 관리 옆에서 노인이 익숙한 옛 이름을 중얼거렸다.|오래 부르던 말은 조서 한 번으로 바뀌지 않죠.|지증왕 때 국호를 신라로 정하고 왕 칭호를 쓰게 되었소. 낯선 말이 익숙해질 시간이 필요하오.|노인이 새 이름을 따라 읽을 때 기다린다|노인은 두 번 틀린 뒤 신라라고 말했다. 관리는 그를 재촉하지 않았다.|쟁기질하는 농민에게 우경 이야기를 듣는다|소가 움직이자 밭의 흙이 뒤집혔다. 제도의 변화가 백성의 노동과 이어졌다.|순장 금지와 우산국 정복을 별도 연도로 정리한다|서아는 지증왕의 업적을 모두 503년의 하루에 일어난 일로 적지 않았다. 기록책에 재위 중의 변화가 나뉘어 남았다.
14.1|새 율령을 읽던 관리가 병부 문서와 주민의 청원을 동시에 받았다.|법과 군대를 정비하는 일이 한꺼번에 밀려오네요.|법흥왕께서 제도를 정비하시오. 같은 규칙을 알리는 일부터 차근차근 해야 하오.|청원서를 접수 순서대로 정리한다|작은 목소리가 서류 더미에 묻히지 않았다. 관리가 첫 청원을 읽었다.|율령의 어려운 표현을 다시 설명해 달라고 한다|주민들도 문서 앞에 모였다. 규칙을 이해하는 사람이 늘었다.|520년 율령과 병부 설치를 구분해 적는다|서아는 법의 기준과 군사 행정을 다른 칸에 적었다. 법흥왕이라는 공통 이름이 두 칸을 이었다.
14.2|이차돈을 알던 승려가 전할 말을 고르다가 염주를 놓쳤다.|누군가의 죽음을 기적이라는 말만으로 덮을 수는 없어요.|순교의 이야기가 불교 공인의 계기로 전해지오. 흰 피의 전승만 기억하고 그 사람의 선택을 잊지 말아 주시오.|흩어진 염주를 승려와 함께 줍는다|승려가 이름을 낮게 불렀다. 서아는 질문을 잠시 멈추고 그 목소리를 들었다.|승려에게 이차돈을 기억하는 말을 청한다|그는 기적보다 함께 나눴던 시간을 먼저 말했다. 서아는 전승과 개인의 기억을 구분했다.|전승임을 표시하고 527년 불교 공인을 기록한다|흰 피가 실제로 흘렀다고 단정한 문장이 지워졌다. 전승의 의미와 공인의 사건이 각각 남았다.
14.3|가야에서 온 사람이 고향의 철 조각을 쥐고 새 관리를 기다렸다.|나라가 합쳐지면 내가 살던 곳의 이름도 없어지나요?|금관가야가 신라에 병합되었소. 새 질서에 들어가도 우리가 쇠를 다뤄 온 기억까지 버릴 수는 없지.|가야 사람이 가져온 도구를 함께 정리한다|그는 도구마다 고향에서 쓰던 이름을 알려 주었다. 잃은 나라의 일상이 손에 남아 있었다.|새 관리에게 가족의 거처를 묻는 말을 전한다|가야 사람이 직접 앞으로 나섰다. 서아는 그의 말을 대신 정하지 않았다.|532년 금관가야 병합을 기록한다|서아는 562년 대가야 병합과 다른 칸을 만들었다. 같은 가야라도 끝난 시기가 달랐다.
15.1|강가에 신라의 깃발이 오르자 상인이 백제에서 받은 통행 약속을 구겼다.|동맹 때 받은 약속이 이제는 소용없어졌군요.|553년, 신라가 한강 유역을 차지했소. 이 강을 쓰는 사람들에게는 오늘 달라진 길부터 알려야 하오.|상인과 새 통행 안내를 확인한다|상인은 찢으려던 문서를 멈췄다. 옛 약속과 새 현실이 같은 손에 남았다.|강을 건너려는 주민에게 바뀐 길을 알린다|주민들이 배를 돌렸다. 서아는 동맹이 유지되고 있다고 잘못 전하지 않았다.|551년 동맹과 553년 장악을 나란히 적는다|백제 장의 강가와 신라의 깃발이 연결되었다. 같은 사건의 두 입장이 기록책에서 마주했다.
15.2|순행비를 세우던 석공이 왕이 지난 길과 돌이 남을 자리를 번갈아 보았다.|왕은 지나가도 이 돌은 여기에 남겠네요.|진흥왕의 순행을 새기는 비요. 단양 적성비와 순수비를 같은 비라고 부르면 남긴 뜻을 놓칠 수 있소.|비를 세우는 터의 돌을 함께 치운다|석공이 새긴 면을 가리지 않고 비를 고정했다. 지나가는 사람이 글을 바라보았다.|순행의 길과 비의 위치를 따로 표시한다|영토 확장이 지도 위에 드러났다. 서아는 비석마다 이름을 혼동하지 않도록 나눴다.|적성비와 순수비를 구분해 정리한다|같은 왕 때의 비라도 성격이 같지 않았다. 석공은 빈칸이 있으면 모른다고 남기라고 했다.
15.3|대가야의 마지막 작업장에서 장인이 불씨를 끄지 못하고 서 있었다.|나라가 사라지는 날에도 쇠는 식혀야 하는군요.|562년이오. 신라에 병합된다고 이 불을 아무렇게나 끌 수는 없소. 손에 익은 일부터 끝내야겠소.|장인과 달아오른 쇠를 안전하게 옮긴다|마지막 작업이 사고 없이 마무리되었다. 장인은 망치를 내려놓았다.|작업장 밖에서 기다리는 가족을 부른다|가족이 문 안으로 들어왔다. 장인은 도구보다 사람을 먼저 둘러보았다.|금관가야와 대가야의 병합 연도를 나눈다|532년과 562년이 서른 해의 간격을 두고 놓였다. 서아는 가야 전체가 한날 사라졌다고 적지 않았다.
16.1|기록책이 앞선 세기로 돌아가자 가야의 화덕 앞에서 어린 견습이 손을 움츠렸다.|꺼졌던 불이 다시 타고 있어. 이전 시대의 장이구나.|뜨거운 쇠를 다루는 손이 무섭지 않은 날은 없소. 겁을 숨기는 것보다 안전한 순서를 익혀야 하오.|견습이 물러설 공간을 비운다|견습은 급히 피하지 않아도 되었다. 장인이 작업을 처음부터 보여 주었다.|장인에게 도구를 건네는 순서를 배운다|서아는 뜨거운 쇠에 손대지 않았다. 견습과 함께 안전한 거리에서 작업을 도왔다.|가야의 철 생산과 작업 과정을 적는다|쇠는 완성품의 이름만이 아니었다. 연료와 손과 시간이 함께 필요한 일로 기록되었다.
16.2|덩이쇠를 싣던 배가 한쪽으로 기울자 상인들이 서로의 짐을 탓했다.|누구 짐인지 따지기 전에 배부터 바로 세워야 해요.|덩이쇠는 무겁소. 왜 등으로 잇는 교역이 중요해도 이 배를 잃으면 아무것도 건너지 못하지.|배의 짐을 좌우로 나눠 다시 싣는다|배가 천천히 균형을 찾았다. 상인들이 탓하던 손으로 서로의 짐을 옮겼다.|덩이쇠 수량을 함께 세어 확인한다|빠진 꾸러미가 선창에서 발견되었다. 분쟁이 계산으로 정리되었다.|철 교역의 상대와 물길을 책에 표시한다|서아는 시대에 따라 교역 상대가 달랐음을 구분했다. 모든 상대가 오늘 동시에 왔다고 적지 않았다.
16.3|장인이 가마에서 꺼낸 토기가 금이 가자 견습이 실패한 것은 버리자고 했다.|금이 간 물건에도 만든 사람의 시간이 남아 있죠.|가야의 여러 토기는 형태도 쓰임도 다르오. 이름부터 붙이기보다 실제 모습을 보아야 하오.|깨진 토기 조각을 안전하게 모은다|견습이 손을 다치지 않았다. 장인은 조각의 모양으로 어디서 금이 시작됐는지 살폈다.|완성품과 실패한 토기의 모양을 비교한다|서아는 비슷한 형태의 작은 차이를 찾았다. 견습도 가마 안의 자리를 떠올렸다.|관찰한 토기와 쓰임을 구분해 그린다|서아는 없는 유물 이름을 만들지 않았다. 장인은 확인하지 못한 쓰임에는 물음표를 남겼다.
17.1|첨성대 곁에서 관측을 돕던 사람이 흐린 하늘 때문에 기록을 비워 두었다.|별이 안 보이면 본 척 적을 수는 없겠죠.|선덕여왕 때의 하늘을 살피는 일이오. 빈 기록이 부끄럽더라도 보지 못한 별을 쓰면 다음 관측까지 틀리오.|등불이 관측을 방해하지 않도록 가린다|관측자가 하늘을 다시 살폈다. 보이는 것과 보이지 않는 것이 구분되었다.|이전 관측 기록을 날짜대로 정리한다|구름 낀 날의 빈칸이 이어졌다. 서아는 빈칸도 정직한 기록임을 배웠다.|첨성대와 선덕여왕을 기록책에 연결한다|서아는 구체적 관측 방법을 아는 척 만들어 넣지 않았다. 확인할 수 있는 이름과 시대가 남았다.
17.2|큰 탑 아래서 일하던 승려가 높이를 바라보며 전쟁 소식을 접었다.|멀리서 보면 든든한데 가까이서는 너무 높아서 무서워요.|황룡사 구층 목탑에 나라의 안녕을 비는 마음을 담았소. 자장께서 건립을 건의하셨지.|탑 아래 작업 동선을 비운다|사람들이 짐을 부딪치지 않고 옮겼다. 승려는 큰 바람도 작은 손을 필요로 한다고 말했다.|승려와 분황사 모전석탑의 차이를 이야기한다|벽돌처럼 다듬은 돌과 목탑이 구분되었다. 서아는 모든 탑을 석탑이라고 적지 않았다.|645년의 목탑과 건립 건의자를 기록한다|선덕여왕, 자장, 황룡사가 같은 줄에 놓였다. 불안을 이기려던 사람들의 마음도 함께 남았다.
17.3|당으로 가는 사신의 일행이 바람 때문에 돛을 올리지 못했다.|사람을 만나러 가는 길이 이렇게 멀고 불안하군요.|김춘추께서 당과 교섭하러 가시오. 기다리는 동안에도 무엇을 약속할지 마음이 무겁소.|떠날 배의 묶인 짐을 확인한다|젖을 수 있는 문서가 안쪽으로 옮겨졌다. 사신은 서둘러 출발하자던 말을 거두었다.|사신이 전달할 문서의 순서를 돕는다|문서가 다시 묶였다. 서아는 외교가 말 몇 마디로 끝나는 일이 아님을 보았다.|648년과 진덕여왕 때의 대당 외교를 적는다|서아는 이 일을 선덕여왕 재위로 잘못 넣지 않았다. 여왕의 이름이 바뀌는 지점에 표시가 남았다.
18.1|황산벌에서 병사가 남겨질 짐을 줄이며 아들의 작은 신을 꺼냈다.|그 신은 두고 가지 말아요. 손에 쥐어도 될 만큼 작잖아요.|계백 장군을 따르오. 반대편에는 김유신의 군대가 있지. 내게도 돌아가고 싶은 집이 있소.|병사의 작은 신을 천에 싸 준다|병사는 천을 품 안에 넣었다. 그는 마지막 말을 승전의 구호로 바꾸지 않았다.|부상자를 옮길 길을 함께 비운다|다른 병사들이 들것을 들 수 있었다. 서아는 전투 결과를 바꿀 수 있다는 말을 하지 않았다.|660년과 양쪽 지휘관을 나눠 적는다|계백과 김유신의 이름이 서로 다른 칸에 남았다. 같은 먼지 속에 선 두 군대가 구별되었다.
18.2|사비를 떠나는 피란민이 아이에게 도성의 이름을 반복해 가르쳤다.|잊을까 봐 계속 말해 주는 거죠?|백제가 무너졌다지만 아이가 태어난 곳까지 없어지는 것은 아니오. 이름은 기억하게 해야지.|아이의 손을 잡고 행렬을 함께 걷는다|아이가 도성의 이름을 다시 말했다. 피란민은 그 목소리에 고개를 끄덕였다.|행렬 뒤에 남은 짐을 옮긴다|가족이 짐을 버리려던 자리에 잠시 멈췄다. 모두 가져갈 수 없음을 받아들이고 작은 꾸러미를 골랐다.|660년 백제 멸망과 사비를 기록한다|서아는 475년 한성 함락과 다른 장을 열었다. 두 번의 상실이 같은 사건으로 합쳐지지 않았다.
18.3|부흥군이 바다를 바라보며 돌아오지 않은 배의 수를 셌다.|다시 세우려는 마음이 있어도 바다의 결과까지 바꿀 수는 없네요.|복신과 도침, 부여풍의 이름 아래 모인 이들이 있었소. 이제 백강에서 전해오는 소식을 기다리는 중이오.|돌아온 사람에게 물과 담요를 건넨다|그가 먼저 살아 돌아온 이들의 이름을 불렀다. 서아는 패배 소식을 재촉하지 않았다.|흩어진 명부를 모아 가족에게 전할 이름을 찾는다|누락된 이름 옆에 확인 대기가 적혔다. 모르는 생사를 임의로 채우지 않았다.|663년 백강과 부흥 운동의 인물을 정리한다|서아는 660년 멸망과 663년 부흥 운동을 구분했다. 무너진 뒤에도 이어진 선택이 남았다.
19.1|관리들이 같은 명령서를 서로 다른 인장으로 고치며 다퉜다.|누구의 명령을 따라야 하는지도 갈라졌어요?|연개소문이 죽은 뒤 권력 다툼이 커졌소. 성밖의 적만 살펴서는 나라의 흔들림을 다 설명할 수 없소.|전달되지 못한 주민 청원을 따로 모은다|다투던 문서와 기다리는 사람의 일이 분리되었다. 한 관리가 청원부터 읽기 시작했다.|서로 다른 지시가 적힌 부분을 표시한다|모순이 눈에 보이자 전달자가 발을 멈췄다. 서아는 어느 한쪽의 권력을 대신 선택하지 않았다.|666년 이후의 분열을 기록한다|기록책에는 외부 침입과 내부 갈등이 다른 줄에 적혔다. 둘을 함께 보아야 하는 이유가 남았다.
19.2|평양성 안에서 병사가 부러진 창을 내려놓고 주민의 문을 두드렸다.|백제에서 들었던 피란 소리가 여기서도 들려요.|668년, 나당 연합군이 성을 무너뜨렸소. 나는 지금 문을 열어 살아 있는 사람부터 찾아야 하오.|병사와 갇힌 주민의 문을 연다|안에서 아이의 울음이 들렸다. 부러진 창은 문을 여는 지렛대가 되었다.|피란민이 모일 안전한 장소를 알린다|흩어진 가족이 서로를 부르기 시작했다. 서아는 적과 아군의 구호 대신 사람의 이름을 외쳤다.|고구려 멸망의 상대와 연도를 적는다|668년 나당 연합군이 660년 백제의 장과 연결되었다. 두 나라의 멸망 연도는 따로 남았다.
19.3|부흥군이 새 깃발을 펴자 노인이 오래된 고구려 옷감을 내밀었다.|나라 이름을 다시 부르는 데 저 천이 필요한가 봐요.|검모잠과 안승의 이름을 들었소. 다시 일어서려는 사람에게는 함께할 이름이 필요하오.|노인의 옷감이 찢어지지 않게 함께 편다|부흥군이 낡은 천을 새 천 옆에 놓았다. 노인은 그것만으로도 잠시 울음을 멈췄다.|부흥군이 가족에게 전할 소식을 받아 적는다|편지에는 아직 확정되지 않은 승리가 적히지 않았다. 서아는 기다리는 사람에게 거짓 희망을 보내지 않았다.|검모잠과 안승을 고구려 부흥 운동에 연결한다|백제 부흥군의 이름과 다른 칸이 생겼다. 같은 부흥 운동이라는 말 아래 다른 사람들이 남았다.
20.1|신라 병사가 함께 싸웠던 당군의 표식을 보고 길을 막았다.|같은 편의 깃발이 이제는 두려운 표시가 되었군요.|당이 한반도까지 지배하려 하오. 백제와 고구려가 무너졌다고 전쟁이 끝난 것은 아니오.|병사와 주민의 통행로를 분리한다|긴장한 군대와 피란 행렬이 서로 부딪치지 않았다. 병사는 통행로를 다시 지켰다.|새 명령을 듣지 못한 동료에게 상황을 전한다|동료가 옛 동맹의 표식을 내려놓았다. 누구와 싸우는지가 달라졌음을 확인했다.|나당 동맹과 나당 전쟁을 다른 장에 적는다|서아는 같은 두 나라가 협력에서 대립으로 바뀌는 시점을 표시했다. 사건 이름만 닮았다고 묶지 않았다.
20.2|매소성에서 돌아온 병사가 전리품보다 동료를 먼저 찾았다.|이겼다는 말보다 그 이름부터 부르는군요.|675년, 당군을 물리쳤소. 살아 돌아온 사람을 확인한 뒤에야 나도 이겼다고 말할 수 있겠소.|병사와 귀환 명부를 대조한다|찾던 동료가 행렬 끝에서 답했다. 병사가 그제야 무릎을 굽혀 앉았다.|돌아오는 부상자에게 자리를 내준다|전리품이 옆으로 치워졌다. 사람들의 자리가 승전 물품보다 먼저 생겼다.|매소성의 연도와 육상 전투를 표시한다|서아는 다음 장의 기벌포와 혼동하지 않도록 땅과 바다의 표시를 나눴다. 병사는 매소성을 다시 짚었다.
20.3|기벌포의 배가 항구에 닿았지만 수군은 밧줄을 놓지 못했다.|발밑이 땅인데도 아직 파도가 느껴지나요?|676년, 바다에서 당군과 싸웠소. 이제 전쟁이 끝나길 바라지만 사라진 배의 빈자리도 보아야 하오.|수군과 젖은 밧줄을 함께 고정한다|배가 흔들림을 멈췄다. 수군은 손바닥의 상처를 처음으로 내려다보았다.|귀환한 배의 수와 사람을 확인한다|확인된 이름만 기록에 올라갔다. 서아는 승전 때문에 빈자리를 가리지 않았다.|675년 매소성과 676년 기벌포를 순서대로 적는다|육상과 해상의 승리가 한 흐름으로 이어졌다. 서아는 통일의 의의와 대동강 이남이라는 범위를 함께 남겼다.
21.1|관리의 책상 위에 반란 보고와 새 인사 문서가 동시에 쌓였다.|전쟁이 끝난 뒤에도 왕의 자리는 흔들리는군요.|신문왕 때 김흠돌의 난이 일어났소. 왕권을 다지는 일은 이미 쥔 자리를 지키는 일과도 이어지오.|전달 문서가 섞이지 않게 분류한다|반란 보고와 인사 명부가 구분되었다. 관리가 확인하지 않은 소문을 따로 떼어 놓았다.|소문 때문에 문밖에 모인 주민의 말을 듣는다|서아는 확인된 소식만 전했다. 관리가 주민들에게 설명할 자리를 마련했다.|681년과 김흠돌의 난을 기록한다|서아는 신문왕의 왕권 강화와 뒤의 제도 정비를 연결했다. 모든 반란을 농민 봉기로 적지 않았다.
21.2|국학의 학생이 집에서 가져온 낡은 책과 새 교재를 나란히 놓았다.|새 학교에서 배우는 일이 집을 떠나온 이유가 되었어요?|682년 국학이 세워졌소. 내게는 나라 일을 배울 기회지만 책장을 넘길 때마다 집이 떠오르오.|학생이 찾는 부분을 함께 넘겨 본다|집에서 가져온 책갈피가 새 책에 옮겨졌다. 학생은 첫 수업을 기다렸다.|학생의 짐을 숙소까지 옮긴다|그는 낯선 방의 문턱에서 잠시 멈췄다. 서아는 공부의 기회에도 떠남의 마음이 있음을 보았다.|신문왕의 국학과 고구려 태학을 나눠 적는다|372년 태학과 682년 국학이 다른 줄에 놓였다. 비슷한 학교 이름이 다른 나라로 연결되었다.
21.3|지도 제작자가 소경의 이름표를 옮기다 군사 편제 표와 섞어 버렸다.|도시의 숫자와 군대의 숫자를 같은 줄에 놓으면 헷갈리겠어요.|9주 5소경은 지방 행정, 9서당 10정은 군사 조직이오. 지도를 볼 때도 나누어 보아야 하오.|도시 이름표와 군사 표를 따로 정리한다|지도 제작자가 서로 다른 색의 끈으로 묶었다. 섞인 숫자가 체계를 찾았다.|서로 멀리 떨어진 소경의 위치를 살핀다|수도 경주의 치우친 위치를 보완하는 뜻이 드러났다. 서아는 모든 소경을 경주 곁에 그리지 않았다.|행정과 군사 편제를 두 장으로 나눈다|9와 5, 9와 10이 각자의 뜻을 얻었다. 지도 제작자가 기록책의 두 장을 번갈아 확인했다.
22.1|관료전 문서를 받은 관리가 예전에 받던 녹읍 장부를 꺼냈다.|땅을 준다는 말이 같아도 받을 수 있는 것은 다르죠?|687년 관료전을 지급한다 하오. 이름이 바뀌는 것만이 아니라 관리와 백성의 관계를 보아야 하오.|새 문서와 옛 장부를 다른 끈으로 묶는다|관리도 두 문서를 섞지 않았다. 서아는 제도 이름만으로 권한을 동일하게 적지 않았다.|경작하던 농민의 질문을 관리에게 전한다|농민이 누가 무엇을 받는지 물었다. 관리가 문서를 펴고 설명하기 시작했다.|관료전 지급을 687년에 표시한다|서아는 뒤에 일어날 녹읍 폐지를 같은 날의 일로 쓰지 않았다. 기록책에 다음 시점의 자리가 남았다.
22.2|책장이 722년으로 넘어가자 농민이 새로 받은 정전 이야기를 하며 밭 가장자리를 짚었다.|앞 장의 관리가 받는 땅과 지금 백성의 땅은 구분해야겠어.|성덕왕 때 정전을 받았소. 신문왕 때 녹읍을 없앴다는 일과 오늘의 일을 한데 섞지 말아 주시오.|농민과 무너진 밭두렁을 다진다|물길이 정리되었다. 농민은 제도 이름보다 먼저 오늘의 농사를 걱정했다.|가족과 경작하는 밭의 경계를 확인한다|서아는 임의로 땅의 소유권을 판정하지 않았다. 농민의 설명을 들으며 경계만 기록했다.|689년 녹읍 폐지와 722년 정전을 따로 적는다|왕과 연도가 각각의 칸에 남았다. 서아는 두 정책이 같은 왕의 업적이라는 초안을 고쳤다.
22.3|녹읍이 돌아왔다는 소식에 관리와 농민이 같은 문서를 다르게 받아들였다.|기쁜 얼굴과 굳은 얼굴이 같은 글을 보고 있어요.|경덕왕 때 녹읍이 부활했소. 제도 하나를 돌아왔다고 쓰기 전에 누가 무엇을 얻는지 살펴야 하오.|농민의 질문을 문서 아래에 받아 적는다|관리의 설명 옆에 경작자의 걱정이 남았다. 서아는 한쪽의 기쁨만 기록하지 않았다.|옛 녹읍 폐지 기록을 찾아 비교한다|앞선 제도가 되돌아온 흐름이 드러났다. 관리가 폐지와 부활의 왕을 다시 읽었다.|687년, 689년, 722년, 757년을 줄로 잇는다|관료전·녹읍 폐지·정전·녹읍 부활이 순서대로 놓였다. 서아는 하나의 토지 제도로 합치지 않았다.
23.1|경전을 외우던 학생이 독서삼품과의 등급 이야기에 잠을 설쳤다.|읽은 책의 수보다 내일의 판단이 두려운 거죠?|원성왕 때 독서삼품과를 두었다 하오. 경전 이해를 살피지만 공부만으로 모든 벽이 없어지는 것은 아니오.|학생이 읽는 대목을 차분히 들어 준다|학생은 틀린 부분을 스스로 고쳤다. 서아는 정답을 먼저 말하지 않고 끝까지 기다렸다.|흐트러진 경전의 차례를 정리한다|학생이 필요한 부분을 찾았다. 당장의 불안 속에서도 배울 순서가 생겼다.|788년 원성왕과 독서삼품과를 연결한다|서아는 이를 고려의 과거제와 동일한 제도라고 쓰지 않았다. 시대와 선발 방식을 따로 남겼다.
23.2|6두품 청년이 잘 쓴 글을 접으며 갈 수 없는 관등을 가리켰다.|실력을 보여 줘도 태어난 신분이 길을 막는군요.|노력하지 않아서 못 오르는 것이 아니오. 골품에 따른 관등의 한계가 먼저 정해져 있소.|청년이 버리려던 글을 다시 읽어 본다|청년은 종이를 찢지 않았다. 서아는 재능을 인정하는 말이 제도의 벽을 없애지는 못함을 알았다.|신분별 관등 제한을 함께 확인한다|넘을 수 없는 선이 기록에 드러났다. 서아는 독서삼품과가 골품제를 폐지했다는 문장을 지웠다.|청년이 이루고 싶던 일을 책에 남긴다|그는 관등 이름 대신 바꾸고 싶은 행정의 일을 말했다. 막힌 진로 뒤에 남은 뜻이 기록되었다.
23.3|관리 후보를 고르던 자리에서 경전 평가와 가문 이야기가 엇갈렸다.|같은 사람을 두고 책을 읽는 눈과 신분을 보는 눈이 다르군요.|독서삼품과를 두어도 골품제가 사라진 것은 아니오. 둘이 함께 작동하는 현실을 보아야 하오.|평가 문서와 신분 기록을 분리해 놓는다|서로 다른 기준이 나란히 보였다. 관리가 어떤 판단을 했는지 숨길 수 없게 되었다.|후보자의 질문을 평가 담당자에게 전한다|후보자가 직접 답을 들었다. 서아는 시험 한 번으로 신분을 바꿀 수 있다고 약속하지 않았다.|독서삼품과의 뜻과 한계를 함께 적는다|제도 도입과 사회의 제약이 한 장에 남았다. 책에는 6두품의 목소리가 지워지지 않았다.
24.1|청해진의 깃발 아래서 가족을 찾는 사람이 바다 쪽을 떠나지 못했다.|무역하는 바다에서 사람까지 빼앗길 수 있었군요.|장보고 장군이 해적을 막을 거점을 세웠소. 828년, 흥덕왕 때의 청해진이오.|항구에 돌아온 사람의 이름을 함께 확인한다|기다리던 사람이 명부를 손으로 짚었다. 확인되지 않은 이름에는 빈칸을 남겼다.|선창에서 아이들이 다치지 않도록 길을 비운다|짐을 나르는 사람과 아이들의 길이 나뉘었다. 항구가 안전해야 교역도 이어질 수 있었다.|완도와 828년, 장보고를 지도에 적는다|서아는 청해진을 당의 항구로 잘못 표시하지 않았다. 신라의 해상 거점이 제자리를 찾았다.
24.2|상인이 서로 다른 언어가 적힌 짐표를 바꿔 붙여 배가 떠나지 못했다.|물건의 이름을 잘못 읽으면 돌아갈 곳도 달라지겠네요.|당과 일본으로 오가는 짐이오. 신라방·신라소·신라원은 당에 머문 신라인의 삶과 이어지지.|짐표와 목적지를 다시 대조한다|엉킨 꾸러미가 제자리를 찾았다. 상인은 서둘러 출항하자는 말을 멈췄다.|낯선 항구에서 돌아온 선원의 말을 듣는다|선원은 신라 사람들이 모여 살던 곳을 설명했다. 교역은 물건뿐 아니라 사람의 생활로 이어졌다.|울산항과 당항성의 시대별 항로를 별도 장에 정리한다|서아는 서로 다른 시기의 항구 이야기를 지금 한 장소에 몰아넣지 않았다. 지도 위의 길이 시기별로 나뉘었다.
24.3|장보고의 죽음 소식 앞에서 부하가 출항 예정표를 떼지 못했다.|그 사람의 이름이 사라지면 남은 사람들의 하루는 어떻게 되나요?|장군이 피살되었다는 소식이오. 연도 기록을 살필 때도 정치적 갈등 속에서 죽었다는 일을 놓치지 말아 주시오.|부하와 기다리는 선원에게 확인된 소식을 전한다|떠날 준비를 하던 사람들이 멈췄다. 서아는 확인하지 못한 배후를 지어내 말하지 않았다.|출항 예정표를 떼어 보관한다|부하는 표를 구기지 않고 접었다. 장군의 죽음과 자신들의 다음 날을 함께 생각하기 시작했다.|사료에 따른 피살 연도 차이를 검토 대상으로 남긴다|서아는 기록책의 연도에 확인 표시 대신 물음표를 남겼다. 죽음과 청해진 폐지를 같은 날의 사건으로 묶지 않았다.
25.1|농민이 조세 독촉 문서를 내려놓고 빈 곡식독을 열었다.|문서에는 내라고 쓰여 있는데 여기에는 남은 게 없어요.|진성여왕 때의 일이오. 원종과 애노가 사벌주에서 들고일어났다는 소식이 퍼졌소.|농민 가족과 남은 식량을 확인한다|숫자가 요구량을 채우지 못했다. 서아는 부족한 것을 의지의 문제라고 말하지 않았다.|독촉 문서와 실제 수확 기록을 비교한다|차이가 눈에 드러났다. 농민은 처음으로 누군가에게 장부를 끝까지 보여 주었다.|889년 봉기와 조세 부담을 연결해 적는다|서아는 중앙의 왕위 다툼과 농민의 생활을 함께 보았다. 봉기한 사람의 이름이 나라의 위기 옆에 남았다.
25.2|개혁안을 전달하던 관리가 문턱에서 돌아서려 했다.|내도 달라질 게 없다고 생각하는 거예요?|최치원의 시무 10여 조를 올리는 일이오. 옳은 말이 있다는 것과 받아들여진다는 것은 다르지.|관리와 문서의 빠진 장을 확인한다|문서가 온전해졌다. 관리가 문턱을 다시 넘었다.|전달을 기다리는 사람들의 말을 함께 듣는다|누군가는 기대했고 누군가는 고개를 돌렸다. 서아는 모두가 개혁을 반겼다고 쓰지 않았다.|894년 개혁 건의와 실현의 한계를 적는다|제안한 일과 실행된 일이 구분되었다. 기록책에는 최치원의 이름과 막힌 현실이 함께 남았다.
25.3|호족의 창고 앞에 모인 주민들이 중앙 관리보다 가까운 사람에게 도움을 청했다.|지금 곁에서 도와주는 사람이 누구인지가 힘이 되었군요.|지방에서 군사와 경제력을 가진 세력이 커지고 있소. 중앙의 힘이 약해지는 동안 삶의 기대도 이쪽으로 옮겨 왔지.|주민의 배급 순서를 정리한다|힘센 사람의 고함보다 먼저 온 사람이 앞에 섰다. 서아는 배급을 주도할 권력을 자신에게 가져오지 않았다.|마을의 군사 거점과 창고 위치를 살핀다|권력이 글자보다 구체적인 장소로 보였다. 주민은 도움과 부담을 함께 이야기했다.|선종·풍수지리의 확산을 별도 기록으로 확인한다|지방 호족의 성장과 사상 변화가 연결되었다. 서아는 풍수의 믿음을 과학적 예언처럼 확정하지 않았다.
26.1|승려 둘이 같은 가르침을 서로 다른 길로 풀어 말하며 서아를 사이에 두었다.|한쪽만 골라야 이해한 것이 되는 건 아니죠?|원효의 일심·화쟁과 의상의 화엄은 구분해서 보아야 하오. 차이를 지운 채 모두 같다고 하면 누구의 뜻도 남지 않소.|두 설명의 공통점과 차이를 나눠 적는다|승려들은 자신의 설명이 상대의 이름으로 적히지 않았는지 확인했다. 다른 길이 기록에 함께 남았다.|원효가 대중에게 다가간 방식을 묻는다|낯선 이론의 말이 생활 속 사람에게 어떻게 닿았는지 이야기가 이어졌다. 서아는 이름만 나열하지 않았다.|의상의 화엄과 부석사를 별도 칸에 적는다|일심·화쟁과 화엄이 구분되었다. 서아는 한 사람이 모두 주장했다는 문장을 지웠다.
26.2|먼 여행의 기록을 읽던 사람이 젖은 책장 한 장을 조심스럽게 폈다.|한 장을 잃으면 그 사람이 본 길도 사라질 수 있겠어요.|혜초의 왕오천축국전은 바다 건너 먼 길의 기록이오. 설총의 이두 정리와 김대문의 저술도 서로 다른 사람의 일이오.|젖은 책장이 붙지 않도록 따로 펼친다|기록이 더 찢어지지 않았다. 여행자는 남은 글자부터 읽어 주었다.|기록에 나온 이동 경로를 따라 지도에 표시한다|서아는 혜초가 본 지역을 모두 신라 안의 장소로 적지 않았다. 멀리 오간 사람의 길이 드러났다.|혜초·설총·김대문을 각 저술과 나눠 연결한다|같은 문화 장에 있어도 활동 시기와 저술이 구별되었다. 서아는 모두를 오늘 함께 만났다고 쓰지 않았다.
26.3|석공이 탑 공사장의 먼지를 털다 멀리 울리는 종소리에 손을 멈췄다.|돌을 다루는 손과 종을 만드는 손이 같은 시대를 남겼군요.|불국사와 석굴암, 석가탑과 다보탑도 각각 보아야 하오. 성덕 대왕 신종의 소리까지 하나의 물건으로 묶을 수는 없지.|석가탑과 다보탑의 형태를 나눠 관찰한다|서아는 두 탑의 그림을 서로 바꿔 붙였던 것을 고쳤다. 석공은 차이를 직접 보라고 말했다.|기록책의 장을 넘겨 감은사지 삼층 석탑을 확인한다|앞선 시기의 다른 장소가 펼쳐졌다. 석공은 책장을 따라 수십 년을 이동하지 않았다.|무구정광대다라니경과 촌락 문서를 별도 자료로 기록한다|불교 인쇄 자료와 촌락의 생활·조세 자료가 구분되었다. 이름뿐 아니라 무엇을 알려 주는지가 남았다.
27.1|동모산으로 모인 유민이 가져온 씨앗을 손바닥 위에 펼쳤다.|집을 떠나면서도 다음 해 심을 것을 챙겼군요.|대조영을 따라 모였소. 새 나라를 세운다는 말이 내게는 다시 밭을 일군다는 뜻이기도 하오.|유민과 씨앗을 마른 주머니에 옮긴다|씨앗이 젖지 않았다. 유민은 그것을 가족에게 돌려주었다.|사람들이 모일 터의 돌을 함께 치운다|다음 사람이 앉을 자리가 생겼다. 낯선 사람들이 각자의 고향을 말하기 시작했다.|698년과 대조영, 동모산을 연결한다|서아는 발해가 고구려를 계승한 나라라는 특징을 기록했다. 뒤 왕의 업적을 건국 이야기로 옮기지 않았다.
27.2|등주로 향할 배에서 수군이 대문예의 이름이 나온 소문을 듣고 얼굴을 굳혔다.|같은 왕실 안의 갈등도 바깥 전쟁과 이어지는군요.|무왕 때 장문휴가 이끄는 수군이 당의 등주로 향하오. 흑수 말갈과 당을 둘러싼 긴장이 배 위까지 와 있소.|수군과 배의 짐을 다시 묶는다|부두와 배가 부딪히지 않도록 짐이 고정되었다. 수군이 출항을 기다렸다.|확인된 명령과 떠도는 소문을 나눠 적는다|수군은 들은 말과 받은 명령이 같지 않음을 확인했다. 서아는 소문을 사실로 덧붙이지 않았다.|732년 무왕·장문휴·등주를 묶어 기록한다|서아는 발해 건국과 등주 공격의 왕을 구별했다. 바닷길이 교류만이 아니라 전쟁의 길이기도 했음을 남겼다.
27.3|상경의 학생이 관청 이름과 학교 이름을 바꿔 읽자 동료들이 웃었다.|처음 보는 이름이 많으면 틀릴 수도 있죠.|문왕 때 제도를 정비하였소. 3성 6부는 정치 제도, 주자감은 교육 기관이니 나누어 보아야 하오.|학생과 이름표를 기능별로 나눈다|웃던 동료도 표를 함께 들었다. 학교와 관청이 제자리를 찾았다.|상경으로 옮겨온 학생의 길을 듣는다|학생은 새 도읍이 아직 낯설다고 말했다. 천도가 제도와 사람의 생활을 함께 옮겼음을 보았다.|문왕과 3성 6부·주자감·상경을 기록한다|무왕의 등주 공격과 별도의 칸이 생겼다. 서아는 두 왕의 업적을 이름 하나에 몰아넣지 않았다.
28.1|영토가 넓어졌다는 보고 뒤에서 전달자가 낡은 신발을 벗었다.|지도의 색이 넓어질수록 걸어야 하는 길도 멀어졌겠어요.|선왕 때 영토를 넓혔소. 해동성국이라는 말 뒤에는 먼 땅까지 명령과 소식을 전하는 일이 있소.|전달자에게 쉴 자리와 물을 마련한다|전달자는 발의 상처를 씻었다. 보고서의 넓은 땅이 한 사람의 걸음으로 보였다.|보고가 온 지역을 지도에서 찾는다|중심과 변방 사이의 거리가 드러났다. 관리가 확장된 영역을 짚었다.|선왕과 해동성국을 연결해 적는다|서아는 문왕의 제도 정비와 선왕의 영토 확장을 나눴다. 나라의 성장에도 여러 시기가 남았다.
28.2|지도 제작자가 경·부·주의 표를 한꺼번에 세다가 숫자를 지웠다.|지도에 이름을 다 넣으려니 종이가 부족하네요.|5경 15부 62주요. 서로 다른 단계의 행정 단위를 같은 숫자로 세면 다스리는 구조가 사라지오.|큰 단위부터 작은 단위로 표를 정리한다|경·부·주가 단계별로 놓였다. 지도 제작자가 지웠던 숫자를 다시 썼다.|같은 이름이 중복된 표를 찾아낸다|잘못 붙은 표가 옮겨졌다. 서아는 틀린 지도를 완성된 것처럼 덮지 않았다.|5경 15부 62주를 구조로 그린다|숫자의 암기에서 행정의 단계로 기록이 바뀌었다. 지도 제작자가 연결선을 확인했다.
28.3|시장에서 서로 다른 언어를 쓰는 상인들이 같은 물건의 값을 손짓으로 다퉜다.|말이 다르면 억울하다는 얼굴도 더 커지는군요.|당·신라·일본 등과 오가는 길이 있소. 고구려의 전통을 지키면서도 여러 문화와 만나는 나라요.|물건의 수량부터 함께 확인한다|상인들이 같은 수를 손으로 세었다. 말이 달라도 확인할 수 있는 것부터 다툼이 풀렸다.|통역을 아는 사람을 찾아 두 상인에게 안내한다|서로가 요구한 조건이 전해졌다. 서아는 모르는 언어를 아는 척하지 않았다.|교역 상대와 고구려 계승의 흔적을 따로 적는다|교류가 곧 전통의 소멸이라는 문장이 지워졌다. 다른 나라와 만나는 발해의 모습이 남았다.
29.1|무덤의 구조를 설명하던 석공이 서로 다른 공주의 이름이 적힌 도면을 바꿔 들었다.|두 무덤이 비슷해 보여도 같은 방식으로 만든 건 아니군요.|정혜 공주 묘와 정효 공주 묘를 구분해야 하오. 고구려식 요소와 당의 영향을 함께 살펴야 하니까.|도면의 이름표를 원래 자리로 돌린다|두 무덤이 제자리로 돌아왔다. 석공은 뒤섞인 설명을 처음부터 고쳤다.|돌방무덤과 벽돌무덤의 차이를 확인한다|서아는 정혜와 정효의 구조를 바꿔 적지 않았다. 이름과 특징이 함께 연결되었다.|각 무덤의 전통과 영향을 별도 칸에 적는다|하나의 문화만 있었다는 단정이 사라졌다. 발해 문화가 여러 요소를 받아들인 모습이 남았다.
29.2|장인이 온돌의 그을음을 닦다 곁의 석등을 가리켰다.|생활을 데우는 돌과 기원을 밝히는 돌이 함께 있네요.|온돌과 이불 병좌상에서는 고구려 계승을 살펴볼 수 있소. 석등과 영광탑, 돌사자상도 실제 모습에 맞춰 구분해야 하오.|온돌의 불길이 지나가는 길을 관찰한다|서아는 생활 시설과 장식 조각을 같은 유물로 적지 않았다. 장인이 구조를 짚었다.|석등과 돌사자상의 관찰 기록을 나눈다|빛을 두는 구조와 동물 형상이 다른 칸에 놓였다. 서아는 글자나 장식을 임의로 만들어 넣지 않았다.|영광탑과 이불 병좌상의 자료를 별도로 확인한다|장소가 바뀌는 부분은 기록책의 다른 장으로 표시되었다. 모든 유물이 이 작업장에 모였다는 서술이 지워졌다.
29.3|피란민이 쓰다 만 편지를 들고 무너진 북쪽 길을 돌아보았다.|또 나라의 마지막 장이구나. 하지만 이 사람의 삶까지 마지막은 아니야.|926년, 거란이 침입하여 발해가 무너졌소. 편지 받을 사람이 어디에 있는지 아직 모르겠소.|피란민의 편지가 젖지 않게 싸 준다|그는 편지를 품 안에 넣었다. 도착할 주소가 없어도 보내고 싶은 마음은 남았다.|행렬에서 가족의 이름을 함께 부른다|대답이 오는 이름과 오지 않는 이름이 구분되었다. 서아는 모르는 행방을 채워 넣지 않았다.|발해 멸망과 유민의 이동을 기록한다|926년과 거란이 함께 남았다. 서아는 발해가 사라진 뒤에도 사람들이 다른 땅에서 살아갈 여백을 남겼다.
30.1|상인이 새 깃발이 오를 때마다 다른 나라 이름으로 장부를 고쳤다.|장부의 나라 이름이 바뀌는 동안에도 장사는 이어졌군요.|견훤의 후백제와 궁예의 후고구려가 일어났소. 마진·태봉으로 바뀌는 이름까지 놓치면 누구의 땅인지 헷갈리게 되오.|상인과 연도별 장부를 따로 묶는다|같은 장부에 섞였던 국호가 순서대로 나뉘었다. 상인은 다시 뜯어 고칠 부분을 찾았다.|길을 건너는 사람에게 현재 국호를 확인한다|서아는 미래의 고려를 현재 나라 이름으로 부르지 않았다. 지나가는 사람이 아는 시점만 들었다.|900년 후백제와 901년 후고구려를 나눠 적는다|견훤과 궁예가 서로 다른 줄에 놓였다. 뒤의 마진·태봉은 궁예의 나라가 이름을 바꾸는 흐름으로 이어졌다.
30.2|927년 공산에서 돌아온 병사가 왕을 구하다 쓰러진 동료의 이름을 불렀다.|지금은 927년이야. 이 사람에게 아직 오지 않은 승리를 말해 줄 수는 없어.|왕건께서 공산에서 크게 패하셨소. 신숭겸 장군을 잃었는데 내일을 장담하는 말은 하지 말아 주시오.|병사와 전사자의 명부를 지킨다|젖은 이름이 지워지지 않도록 종이가 펼쳐졌다. 서아는 패전을 부끄러운 한 줄로 지우지 않았다.|귀환병이 가족에게 전할 말을 받는다|병사는 살아 돌아왔다는 사실부터 말해 달라고 했다. 확인된 소식만 편지에 남았다.|기록책만 930년 고창의 장으로 넘겨 비교한다|공산의 병사는 927년에 남았다. 서아는 새로운 시점에서 고창 전투의 승리를 확인하고 두 전투의 결과를 나눠 적었다.
30.3|마지막 장에서 주민이 서로 다른 나라 이름의 표식을 한 상자에 넣었다.|끝이라고 적기 전에, 여기까지 살아온 사람들을 한 번 더 보고 싶어요.|935년의 신라 항복과 견훤의 귀순, 936년 일리천 전투를 구분해 보시오. 통일은 하루의 장면만으로 끝나지 않았소.|주민과 남겨 둘 표식을 고른다|그는 예전 나라의 표식도 버리지 않았다. 통일 뒤에도 살아온 시간이 자신의 것이기 때문이었다.|서로 떨어진 가족이 전할 이름을 모은다|전쟁의 나라 이름 대신 만날 사람의 이름이 마지막 목록에 적혔다. 서아는 목록을 주민에게 돌려주었다.|935년과 936년의 기록을 완성하고 책을 덮는다|기록책의 빛이 잦아들었다. 서아는 현대의 책상으로 돌아왔고, 마지막 장에는 나라의 이름 곁에서 살아온 사람들의 이름이 남았다.

