asset,src,sceneId,year,character,ageState,expression,usage
"home-goryeo","goryeo.png","","","","","","layered background"
"prologue-study","seoul-night.png","prologue","2026","","","","embedded background"
"prologue-sleep","assets/scenes/prologue-sleep.png","sleep","2026","","","","embedded background"
"timeslip-voice","assets/scenes/timeslip-voice.png","voice","918","","","","embedded background"
"goryeo-house","assets/scenes/goryeo-house-empty.png","house|outfit_gift|ch01_conflict|ch01_reconcile|ch01_memory_943","918|927|943","","","","layered background"
"goryeo-house-question","assets/scenes/goryeo-house-empty.png","outfit_question","918","","","","layered background"
"village-reveal","assets/scenes/route-village.png","village","918","","","","layered background"
"village-rumor","assets/scenes/status-first.png","rumor","918","","","","layered background"
"memory-wanggeon","assets/scenes/title-foundation.png","","","","","","layered background"
"title-foundation","assets/scenes/title-foundation.png","foundation","918","","","","layered background"
"market-later-three-kingdoms","assets/scenes/doyun-intro.png","market|ch01_exam_73_10","918|936","","","","layered background"
"doyun-intro","assets/scenes/doyun-intro.png","doyun","918","","","","layered background"
"status-first","assets/scenes/status-first.png","status","918","","","","layered background"
"life-choice","assets/scenes/life-choice.png","life_choice","918","","","","layered background"
"route-songak","assets/scenes/route-songak.png","route_songak|ch01_jump_927|ch01_conflict_night|ch01_belonging|ch01_victory|ch01_giin|ch01_jump_943","918|927|930|936|937|943","","","","layered background"
"route-songak-carry","assets/scenes/route-songak.png","","","","","","layered background"
"route-songak-talk","assets/scenes/route-songak.png","","","","","","layered background"
"route-village","assets/scenes/route-village.png","route_village|ch01_war_refugees|ch01_welfare","918|936|941","","","","layered background"
"route-village-help","assets/scenes/route-village.png","","","","","","layered background"
"route-village-call","assets/scenes/route-village.png","","","","","","layered background"
"route-village-leave","assets/scenes/route-village.png","","","","","","layered background"
"route-caravan","assets/scenes/route-caravan.png","route_caravan|ch01_trade_start|ch01_missing_traders|ch01_jump_930|ch01_jump_936|ch01_war_choice|ch01_war_supply|ch01_north","918|927|930|936|940","","","","layered background"
"route-caravan-work","assets/scenes/route-caravan.png","","","","","","layered background"
"route-caravan-negotiate","assets/scenes/route-caravan.png","","","","","","layered background"
"route-caravan-goods","assets/scenes/route-caravan.png","","","","","","layered background"
"route-royal","assets/scenes/route-royal.png","route_royal","918","","","","layered background"
"route-context","assets/scenes/route-context.png","route_context|ch01_gochang|ch01_war_news|ch01_sasimgwan|ch01_taejo_death","918|930|936|937|943","","","","layered background"
"thief-start","assets/scenes/thief-start.png","thief","918","","","","embedded background"
"thief-chase","assets/scenes/thief-start.png","","","","","","layered background"
"thief-block","assets/scenes/thief-start.png","","","","","","layered background"
"thief-alley","assets/scenes/thief-start.png","","","","","","layered background"
"thief-ignore","assets/scenes/thief-aftermath.png","","","","","","layered background"
"thief-aftermath","assets/scenes/thief-aftermath.png","thief_aftermath|ch01_gongsan","918|927","","","","layered background"
"ch01-gochang-open-road","assets/scenes/route-caravan.png","ch01_gochang","930","","","","reused bright road and crowd illustration"
"first-night","assets/scenes/first-night-goryeo.png","night","918","player","","","embedded background"
"future-flow","assets/scenes/title-foundation.png","future_flow|ch01_exam_70_10|ch01_exam_74_10|ch01_exam_76_10|ch01_unity|ch01_farewell","936|943","","","","layered background"
"chapter-complete","assets/scenes/route-songak.png","complete","943","","","","layered background"
"chapter-02-teaser","assets/scenes/chapter-02-teaser.png","ch02_inspection","956","","","","embedded background"
"ch02-gaegyeong-market","assets/scenes/ch02-gaegyeong-market.png","","","","","","layered background"
"ch02-market-949","assets/scenes/ch02-market-949.png","ch02_transition","949","","","","layered background"
"ch02-doyun-shop-exterior-949","assets/scenes/ch02-doyun-shop-exterior-949.png","ch02_shop_exterior_949|ch02_life_path","949","","","","layered background"
"ch02-doyun-shop-interior-949","assets/scenes/ch02-doyun-shop-interior-949.png","ch02_reunion_949|ch02_market|ch01_jump_935|ch01_gyeonhwon|ch01_silla|ch01_integration|ch01_refugee_family|ch01_hunyo|ch01_guild_seed","949|935|937|938|943","","","","layered background"
"ch02-doyun-shop-956","assets/scenes/ch02-doyun-shop-956.png","ch02_jump_956|ch02_shop_956|ch02_complete","956|960","","","","layered background"
"ch02-water-reflection-958","assets/scenes/ch02-water-reflection-958.png","ch02_night_reflection|ch02_mystery","960","player","","","embedded background"
"ch02-slave-dispute","assets/scenes/ch02-slave-dispute.png","ch02_dispute|ch02_trust","956","","","","embedded background"
"ch02-freed-citizen","assets/scenes/ch02-freed-citizen.png","ch02_policy_reason|ch02_policy_memory|ch02_exam_74_11","956","","","","embedded background"
"ch02-nobles-night","assets/scenes/ch02-nobles-night.png","ch02_noble_night|ch02_exam_eve","956|958","","","","embedded background"
"ch02-exam-notice","assets/scenes/ch02-exam-notice.png","ch02_jump_958|ch02_exam_notice|ch02_three_way|ch02_ssanggi|ch02_exam_78_11","958","","","","layered background"
"ch02-exam-yard","assets/scenes/ch02-exam-yard.png","ch02_exam_day","958","","","","layered background"
"ch02-reign-titles","assets/scenes/ch02-reign-titles.png","ch02_reign_titles|ch02_reign_followup|ch02_exam_69_10|ch02_exam_76_50|ch02_exam_77_14","960|949|958","","","","embedded background"
"ch02-purge-night","assets/scenes/ch02-purge-night.png","ch02_purge","960","","","","embedded background"
"ch02-complete","assets/scenes/ch02-complete.png","","","","","","embedded background"
"ch03-teaser","assets/scenes/ch03-teaser.png","","","","","","embedded background"
"ch03-gaegyeong-982","assets/scenes/ch03-gaegyeong-982.png","ch03_transition|ch03_gaegyeong|ch03_history_reflection|ch03_timeline_practice|ch03_exam_75_12|ch03_exam_practice_08|ch03_exam_practice_09","982","","","","layered background"
"ch03-doyun-guild-exterior","assets/scenes/ch03-doyun-guild-exterior.png","ch03_guild_exterior","982","","","","layered background"
"ch03-doyun-guild-interior","assets/scenes/ch03-doyun-guild-interior.png","ch03_dream_realized|ch03_unchanged|ch03_policy_choice|ch03_hyunwoo_return|ch03_seongjong_news|ch03_choe_reform|ch03_three_friends|ch03_choe_practice|ch03_weakening|ch03_exam_practice_06","982","","","","layered background"
"ch03-returning-merchant","assets/scenes/ch03-returning-merchant.png","ch03_returning_merchant|ch03_twelve_mok|ch03_policy_effect|ch03_exam_practice_05","982","","","","layered background"
"ch03-provincial-strongman","assets/scenes/ch03-provincial-strongman.png","ch03_provincial_problem|ch03_trade_practice","982","","","","layered background"
"ch03-gukjagam","assets/scenes/ch03-gukjagam.png","ch03_gukjagam|ch03_exam_75|ch03_exam_practice_07","982","","","","layered background"
"ch03-doyun-courtyard","assets/scenes/ch03-doyun-courtyard.png","ch03_courtyard","982","doyun","","","embedded background"
"ch03-doyun-farewell","assets/scenes/ch03-doyun-farewell.png","ch03_farewell|ch03_death","982","doyun|player","","","embedded background"
"ch03-guild-legacy","assets/scenes/ch03-guild-legacy.png","ch03_legacy","982","player","","","embedded background"
"ch04-khitan-teaser","assets/scenes/ch04-khitan-teaser.png","","","","","","embedded background"
"player_neutral","assets/characters/player_modern_neutral.png","prologue","2026","player","young","neutral","modern"
"player_smile","assets/characters/player_modern_smile.png","","","player","","smile","modern"
"player_surprised","assets/characters/player_modern_surprised.png","house|outfit_question","918","player","young","surprised","modern"
"player_worried","assets/characters/player_modern_worried.png","prologue|sleep|house|outfit_question","2026|918","player","young","worried","modern"
"player_thinking","assets/characters/player_modern_thinking.png","house|outfit_question","918","player","young","thinking","modern"
"player_suspicious","assets/characters/player_modern_thinking.png","","","player","","suspicious","modern"
"player_serious","assets/characters/player_modern_serious.png","prologue|house|outfit_question","2026|918","player","young","serious","modern"
"player_embarrassed","assets/characters/player_modern_embarrassed.png","outfit_question","918","player","young","embarrassed","modern"
"player_angry","assets/characters/player_modern_angry.png","","","player","","angry","modern"
"player_sad","assets/characters/player_modern_sad.png","","","player","","sad","modern"
"player_goryeo_neutral","assets/characters/player_goryeo_neutral.png","thief_aftermath|ch02_market|ch02_policy_reason|ch02_exam_eve|ch03_courtyard|ch01_missing_traders|ch01_reconcile|ch01_belonging|ch01_gyeonhwon|ch01_war_supply|ch01_victory|ch01_memory_943|ch01_taejo_death|ch01_guild_seed","918|949|956|958|982|927|930|935|936|943","player","young","neutral","goryeo_commoner"
"player_goryeo_smile","assets/characters/player_goryeo_smile.png","ch02_life_path|ch02_shop_956|ch02_three_way|ch02_exam_eve|ch03_guild_exterior|ch03_dream_realized|ch03_hyunwoo_return|ch03_three_friends|ch01_trade_start|ch01_reconcile|ch01_belonging|ch01_jump_935|ch01_war_refugees|ch01_integration|ch01_refugee_family|ch01_north|ch01_memory_943|ch01_guild_seed","949|956|958|982|918|927|930|935|936|937|938|940|943","player","young","smile","goryeo_commoner"
"player_goryeo_surprised","assets/characters/player_goryeo_surprised.png","outfit_gift|village|rumor|foundation|doyun|ch02_dispute|ch02_trust|ch02_inspection|ch02_noble_night|ch02_exam_notice|ch02_reign_titles|ch02_purge|ch02_complete|ch03_dream_realized|ch03_hyunwoo_return|ch01_trade_start|ch01_gongsan|ch01_reconcile|ch01_belonging|ch01_gyeonhwon|ch01_silla|ch01_integration|ch01_sasimgwan|ch01_giin|ch01_north|ch01_memory_943|ch01_guild_seed","918|956|958|960|982|927|930|935|937|940|943","player","young","surprised","goryeo_commoner"
"player_goryeo_worried","assets/characters/player_goryeo_worried.png","outfit_gift|market|status|night|ch02_reunion_949|ch02_market|ch02_trust|ch02_policy_reason|ch02_noble_night|ch02_purge|ch02_night_reflection|ch02_mystery|ch03_unchanged|ch03_weakening|ch03_farewell|ch03_legacy|ch01_trade_start|ch01_missing_traders|ch01_conflict|ch01_reconcile|ch01_war_choice|ch01_war_refugees|ch01_refugee_family","918|949|956|960|982|927|936|938","player","young","worried","goryeo_commoner"
"player_goryeo_thinking","assets/characters/player_goryeo_thinking.png","outfit_gift|village|doyun|future_flow|ch02_transition|ch02_shop_exterior_949|ch02_reunion_949|ch02_market|ch02_life_path|ch02_shop_956|ch02_trust|ch02_policy_reason|ch02_policy_memory|ch02_noble_night|ch02_exam_notice|ch02_ssanggi|ch02_exam_eve|ch02_exam_day|ch02_reign_titles|ch02_purge|ch02_complete|ch02_night_reflection|ch02_mystery|ch03_gaegyeong|ch03_provincial_problem|ch03_policy_choice|ch03_seongjong_news|ch03_choe_reform|ch03_twelve_mok|ch03_gukjagam|ch03_policy_effect|ch03_history_reflection|ch01_jump_927|ch01_gongsan|ch01_conflict_night|ch01_jump_930|ch01_gochang|ch01_belonging|ch01_gyeonhwon|ch01_silla|ch01_war_news|ch01_victory|ch01_integration|ch01_sasimgwan|ch01_giin|ch01_north|ch01_welfare|ch01_taejo_death|ch01_hunyo","918|936|949|956|958|960|982|927|930|935|937|940|941|943","player","young","thinking","goryeo_commoner"
"player_goryeo_serious","assets/characters/player_goryeo_serious.png","life_choice|route_songak|route_village|route_caravan|route_context|thief|thief_aftermath|night|ch02_life_path|ch02_trust|ch02_reign_followup|ch03_provincial_problem|ch03_policy_choice|ch03_exam_75|ch03_trade_practice|ch03_choe_practice|ch03_timeline_practice|ch03_legacy|ch01_conflict|ch01_jump_930|ch01_gyeonhwon|ch01_jump_936|ch01_war_choice|ch01_war_supply|ch01_war_news|ch01_welfare|ch01_hunyo","918|949|956|960|982|927|930|935|936|941|943","player","young","serious","goryeo_commoner"
"player_goryeo_embarrassed","assets/characters/player_goryeo_embarrassed.png","outfit_gift|status|life_choice|ch02_reunion_949|ch02_three_way|ch02_complete|ch03_dream_realized|ch03_three_friends|ch03_courtyard|ch01_jump_930|ch01_memory_943","918|949|958|960|982|930|943","player","young","embarrassed","goryeo_commoner"
"doyun_neutral","assets/characters/doyun_neutral.png","house|outfit_question|outfit_gift|status|life_choice|night|ch01_trade_start|ch01_reconcile|ch01_belonging","918|927|930","doyun","young","neutral","commoner"
"doyun_smile","assets/characters/doyun_smile.png","outfit_gift|life_choice|route_songak|ch01_trade_start|ch01_reconcile|ch01_belonging","918|927|930","doyun","young","smile","commoner"
"doyun_surprised","assets/characters/doyun_surprised.png","outfit_question|status|life_choice|route_royal|ch01_trade_start|ch01_jump_930|ch01_gochang","918|930","doyun","young","surprised","commoner"
"doyun_suspicious","assets/characters/doyun_suspicious.png","outfit_question|doyun","918","doyun","young","suspicious","commoner"
"doyun_serious","assets/characters/doyun_serious.png","outfit_question|outfit_gift|doyun|life_choice|route_context|ch01_trade_start|ch01_missing_traders|ch01_conflict","918|927","doyun","young","serious","commoner"
"doyun_worried","assets/characters/doyun_worried.png","house|ch01_missing_traders|ch01_gongsan|ch01_reconcile|ch01_jump_930","918|927|930","doyun","young","worried","commoner"
"stranger_neutral","","","","stranger","","neutral","text-only NPC / asset unavailable"
"stranger_worried","","","","stranger","","worried","text-only NPC / asset unavailable"
"stranger_suspicious","","","","stranger","","suspicious","text-only NPC / asset unavailable"
"resident_a_serious","","rumor|foundation","918","resident_a","young","serious","text-only NPC / asset unavailable"
"resident_b_surprised","","rumor|market","918","resident_b","young","surprised","text-only NPC / asset unavailable"
"elder_neutral","","market","918","elder","young","neutral","text-only NPC / asset unavailable"
"child_worried","","route_village","918","child","young","worried","text-only NPC / asset unavailable"
"child_smile","","","","child","","smile","text-only NPC / asset unavailable"
"merchant_neutral","","ch03_provincial_problem|ch03_twelve_mok|ch03_policy_effect|ch01_gochang|ch01_sasimgwan|ch01_giin|ch01_refugee_family|ch01_north|ch01_welfare|ch01_hunyo","982|930|937|938|940|941|943","merchant","young","neutral","text-only NPC / asset unavailable"
"merchant_serious","","market|route_caravan|ch03_returning_merchant|ch01_gongsan|ch01_gyeonhwon|ch01_silla|ch01_war_news|ch01_war_refugees|ch01_integration|ch01_giin|ch01_refugee_family|ch01_taejo_death","918|982|927|935|936|937|938|943","merchant","young","serious","text-only NPC / asset unavailable"
"merchant_surprised","","ch01_gochang|ch01_gyeonhwon|ch01_victory","930|935|936","merchant","young","surprised","text-only NPC / asset unavailable"
"merchant_angry","","thief","918","merchant","young","angry","text-only NPC / asset unavailable"
"injured_merchant_neutral","assets/characters/injured_merchant_01.png","ch01_gongsan","927","injured_merchant","young","neutral","exception standing portrait"
"injured_merchant_serious","assets/characters/injured_merchant_01.png","ch01_gongsan","927","injured_merchant","young","serious","exception standing portrait"
"injured_merchant_worried","assets/characters/injured_merchant_01.png","ch01_gongsan","927","injured_merchant","young","worried","exception standing portrait"
"unknown_worried","","voice","918","unknown","young","worried","text-only NPC / asset unavailable"
"doyun_949_neutral","assets/characters/doyun_949_neutral.png","ch02_reunion_949|ch02_market|ch02_life_path|ch01_gyeonhwon|ch01_silla|ch01_jump_936|ch01_war_choice|ch01_war_refugees|ch01_integration|ch01_sasimgwan|ch01_refugee_family|ch01_north|ch01_welfare|ch01_memory_943|ch01_hunyo|ch01_guild_seed","949|935|936|937|938|940|941|943","doyun","middle_aged_949|mature_935|middle_943","neutral","portrait"
"doyun_949_smile","assets/characters/doyun_949_smile.png","ch02_reunion_949|ch02_life_path|ch01_jump_935|ch01_refugee_family|ch01_north|ch01_memory_943|ch01_guild_seed","949|935|938|940|943","doyun","middle_aged_949|mature_935|middle_943","smile","portrait"
"doyun_949_surprised","assets/characters/doyun_949_surprised.png","ch02_reunion_949|ch02_market|ch01_gyeonhwon|ch01_victory|ch01_refugee_family|ch01_north|ch01_guild_seed","949|935|936|938|940|943","doyun","middle_aged_949|mature_935|middle_943","surprised","portrait"
"doyun_949_serious","assets/characters/doyun_949_serious.png","ch02_market|ch02_life_path|ch01_jump_935|ch01_jump_936|ch01_war_choice|ch01_war_supply|ch01_war_refugees|ch01_integration|ch01_giin|ch01_memory_943|ch01_taejo_death|ch01_guild_seed","949|935|936|937|943","doyun","middle_aged_949|mature_935|middle_943","serious","portrait"
"doyun_949_worried","assets/characters/doyun_949_worried.png","ch01_silla|ch01_war_supply|ch01_memory_943|ch01_taejo_death","935|936|943","doyun","mature_935|middle_943","worried","portrait"
"doyun_956_neutral","assets/characters/doyun_956_neutral.png","ch02_shop_956|ch02_three_way|ch02_exam_eve|ch02_reign_titles|ch02_complete","956|958|960","doyun","elder_956","neutral","portrait"
"doyun_956_smile","assets/characters/doyun_956_smile.png","ch02_shop_956|ch02_three_way|ch02_exam_day|ch02_complete","956|958|960","doyun","elder_956","smile","portrait"
"doyun_956_surprised","assets/characters/doyun_956_surprised.png","ch02_dispute|ch02_three_way|ch02_ssanggi|ch02_complete","956|958|960","doyun","elder_956","surprised","portrait"
"doyun_956_serious","assets/characters/doyun_956_serious.png","ch02_dispute|ch02_trust|ch02_noble_night|ch02_exam_eve|ch02_purge","956|958|960","doyun","elder_956","serious","portrait"
"doyun_956_worried","assets/characters/doyun_956_worried.png","ch02_dispute|ch02_trust|ch02_policy_reason|ch02_noble_night|ch02_purge|ch02_complete","956|960","doyun","elder_956","worried","portrait"
"hyunwoo_neutral","assets/characters/hyunwoo_neutral.png","ch02_exam_notice|ch02_three_way|ch03_hyunwoo_return|ch03_seongjong_news|ch03_twelve_mok","958|982","hyunwoo","young","neutral","portrait"
"hyunwoo_worried","assets/characters/hyunwoo_worried.png","ch02_exam_notice|ch02_three_way|ch02_exam_eve|ch02_exam_day","958","hyunwoo","young","worried","portrait"
"hyunwoo_smile","assets/characters/hyunwoo_smile.png","ch02_three_way|ch02_exam_eve|ch02_exam_day|ch03_hyunwoo_return|ch03_gukjagam|ch03_three_friends","958|982","hyunwoo","young","smile","portrait"
"freed_man_worried","","ch02_dispute|ch02_inspection","956","freed_man","young","worried","text-only NPC / asset unavailable"
"freed_man_smile","","ch02_policy_reason","956","freed_man","young","smile","text-only NPC / asset unavailable"
"steward_angry","","ch02_dispute|ch02_policy_reason","956","steward","young","angry","text-only NPC / asset unavailable"
"steward_serious","","ch02_inspection","956","steward","young","serious","text-only NPC / asset unavailable"
"official_serious","","ch02_inspection|ch02_policy_reason","956","official","young","serious","text-only NPC / asset unavailable"
"noble_angry","","ch02_noble_night","956","noble","young","angry","text-only NPC / asset unavailable"
"noble_suspicious","","ch02_noble_night","956","noble","young","suspicious","text-only NPC / asset unavailable"
"citizen_surprised","","ch02_exam_notice","958","citizen","young","surprised","text-only NPC / asset unavailable"
"citizen_neutral","","ch02_ssanggi|ch02_reign_titles","958|960","citizen","young","neutral","text-only NPC / asset unavailable"
"soldier_serious","","ch02_purge","960","soldier","elder_982","serious","text-only NPC / asset unavailable"
"doyun_old_neutral","assets/characters/doyun_old_neutral.png","ch03_dream_realized|ch03_policy_choice|ch03_twelve_mok","982","doyun","elder_982","neutral","guild_master"
"doyun_old_smile","assets/characters/doyun_old_smile.png","ch03_dream_realized|ch03_hyunwoo_return|ch03_twelve_mok|ch03_courtyard","982","doyun","elder_982","smile","guild_master"
"doyun_old_laugh","assets/characters/doyun_old_laugh.png","ch03_dream_realized|ch03_hyunwoo_return|ch03_three_friends|ch03_courtyard|ch03_farewell","982","doyun","elder_982","laugh","guild_master"
"doyun_old_serious","assets/characters/doyun_old_serious.png","ch03_dream_realized|ch03_unchanged|ch03_returning_merchant|ch03_policy_choice|ch03_three_friends|ch03_farewell","982","doyun","elder_982","serious","guild_master"
"doyun_old_tired","assets/characters/doyun_old_tired.png","ch03_unchanged|ch03_provincial_problem|ch03_policy_choice|ch03_courtyard|ch03_weakening|ch03_farewell","982","doyun","elder_982","tired","guild_master"
"doyun_old_sad","assets/characters/doyun_old_sad.png","ch03_unchanged|ch03_farewell","982","doyun","elder_982","sad","guild_master"
"doyun_old_weak_smile","assets/characters/doyun_old_weak_smile.png","ch03_policy_effect|ch03_courtyard|ch03_weakening|ch03_farewell","982","doyun","elder_982","weak_smile","guild_master"
"hyunwoo_middle_neutral","assets/characters/hyunwoo_middle_neutral.png","","","hyunwoo","","neutral","official_scholar"
"hyunwoo_middle_smile","assets/characters/hyunwoo_middle_smile.png","","","hyunwoo","","smile","official_scholar"
"hyunwoo_middle_serious","assets/characters/hyunwoo_middle_serious.png","","","hyunwoo","","serious","official_scholar"
"hyunwoo_middle_thinking","assets/characters/hyunwoo_middle_thinking.png","","","hyunwoo","","thinking","official_scholar"
"doyun_laugh","assets/characters/doyun_old_laugh.png","","","doyun","","laugh","guild_master"
"doyun_tired","assets/characters/doyun_old_tired.png","","","doyun","","tired","guild_master"
"doyun_sad","assets/characters/doyun_old_sad.png","","","doyun","","sad","guild_master"
"doyun_weak_smile","assets/characters/doyun_old_weak_smile.png","","","doyun","","weak_smile","guild_master"
"hyunwoo_serious","assets/characters/hyunwoo_middle_serious.png","ch03_hyunwoo_return|ch03_seongjong_news|ch03_choe_reform|ch03_twelve_mok|ch03_gukjagam|ch03_history_reflection","982","hyunwoo","young","serious","official_scholar"
"hyunwoo_thinking","assets/characters/hyunwoo_middle_thinking.png","ch03_choe_reform|ch03_gukjagam","982","hyunwoo","young","thinking","official_scholar"
"merchant_01_neutral","assets/characters/merchant_01.png","ch01_trade_start","918","merchant_01","adult_918","neutral","plain_merchant"
"merchant_01_injured_927","assets/characters/injured_merchant_01.png","ch01_gongsan","927","merchant_01","mature_927","worried","plain_merchant"
"merchant_01_older_935","assets/characters/merchant_01_935.png","ch02_news_935|ch01_gyeonhwon","935","merchant_01","older_935","neutral","plain_merchant"
"doyun_935","assets/characters/doyun_935.png","ch02_open_935|ch02_news_935|ch01_gyeonhwon|ch01_silla","935","doyun","adult_935","neutral","commoner"
"doyun_943","assets/characters/doyun_943.png","ch01_jump_943|ch01_memory_943|ch01_taejo_death|ch01_hunyo|ch01_guild_seed|ch01_farewell","943","doyun","mature_943","neutral","commoner"
