"type","id","chapterId","detail"
"scene","prologue","ch01","2026 순서가 자꾸 헷갈린다"
"scene","sleep","ch01","2026 책장 너머로"
"scene","voice","ch01","918 "
"scene","house","ch01","918 처음 눈에 들어온 고려"
"scene","outfit_question","ch01","918 그 이상한 옷은 뭐요?"
"scene","outfit_gift","ch01","918 고려에서의 첫 옷"
"scene","village","ch01","918 촬영장이 아니야"
"scene","rumor","ch01","918 왕건 장군이 새 나라를 세웠다"
"scene","foundation","ch01","918 918년 · 고려 건국"
"scene","market","ch01","918 아직 통일된 게 아니야"
"scene","doyun","ch01","918 궁예가 쫓겨나고, 왕건이 왕이 됐다"
"scene","status","ch01","918 그런데 자네, 갈 곳은 있소?"
"scene","life_choice","ch01","918 첫 번째 큰 인생 선택"
"scene","route_songak","ch01","918 상인 행렬"
"scene","route_village","ch01","918 넘어진 수레"
"scene","route_caravan","ch01","918 손이 빨라야 해"
"scene","route_royal","ch01","918 왕을 찾아가겠다고?"
"scene","route_context","ch01","918 새 나라를 움직이는 사람들"
"scene","thief","ch01","918 도둑이야!"
"scene","thief_aftermath","ch01","918 소란이 지나간 자리"
"scene","night","ch01","918 고려의 첫날 밤"
"scene","future_flow","ch02","936 건국과 통일은 같은 해가 아니다"
"scene","complete","ch02","943 새로운 나라"
"scene","ch02_transition","ch03","949 삼십일 년"
"scene","ch02_shop_exterior_949","ch03","949 도윤의 가게"
"scene","ch02_reunion_949","ch03","949 여전한 두 사람"
"scene","ch02_market","ch03","949 왕이 바뀐 나라"
"scene","ch02_life_path","ch03","949 고려에서 나의 자리"
"scene","ch02_jump_956","ch03","956 일곱 해 뒤"
"scene","ch02_shop_956","ch03","956 조금 더 커진 가게"
"scene","ch02_dispute","ch03","956 도윤이 아는 사람"
"scene","ch02_trust","ch03","956 그냥 두고 갈 수는 없어"
"scene","ch02_inspection","ch03","956 폐하의 명이다"
"scene","ch02_policy_reason","ch03","956 양인으로 돌아가다"
"scene","ch02_policy_memory","ch03","956 노비안검법"
"scene","ch02_noble_night","ch03","956 귀족의 분노"
"scene","ch02_jump_958","ch03","958 두 해 뒤"
"scene","ch02_exam_notice","ch03","958 새로운 시험, 현우의 꿈"
"scene","ch02_three_way","ch03","958 세 사람이 처음 웃은 날"
"scene","ch02_ssanggi","ch03","958 후주에서 온 사람, 쌍기"
"scene","ch02_exam_eve","ch03","958 잠들지 못하는 현우"
"scene","ch02_exam_day","ch03","958 현우의 시험"
"scene","ch02_reign_titles","ch03","960 왕의 이름"
"scene","ch02_reign_followup","ch03","960 광덕에서 준풍으로"
"scene","ch02_purge","ch03","960 왕이 두려워지기 시작했다"
"scene","ch02_complete","ch03","960 사십 년이 넘는 세월"
"scene","ch02_night_reflection","ch03","960 물에 비친 얼굴"
"scene","ch02_mystery","ch03","960 ???"
"scene","ch03_transition","ch04","982 스물두 번의 겨울"
"scene","ch03_gaegyeong","ch04","982 커진 수도"
"scene","ch03_guild_exterior","ch04","982 이름을 건 상단"
"scene","ch03_dream_realized","ch04","982 결국 만들었네"
"scene","ch03_unchanged","ch04","982 흐른 사람, 멈춘 사람"
"scene","ch03_returning_merchant","ch04","982 절반만 돌아온 짐"
"scene","ch03_provincial_problem","ch04","982 왕이 닿지 않는 곳"
"scene","ch03_policy_choice","ch04","982 상단의 대응"
"scene","ch03_hyunwoo_return","ch04","982 말하면 나타나는 사람"
"scene","ch03_seongjong_news","ch04","982 새 왕의 정비"
"scene","ch03_choe_reform","ch04","982 스물여덟 가지 건의"
"scene","ch03_twelve_mok","ch04","982 지방에 내려간 관리"
"scene","ch03_gukjagam","ch04","982 나라가 사람을 가르치는 곳"
"scene","ch03_exam_75","ch04","982 성종을 가리키는 세 단서"
"scene","ch03_policy_effect","ch04","982 제도가 길에 닿을 때"
"scene","ch03_trade_practice","ch04","982 상단이 겪은 지방의 문제"
"scene","ch03_three_friends","ch04","982 세 사람의 저녁"
"scene","ch03_choe_practice","ch04","982 개혁안을 올린 사람"
"scene","ch03_history_reflection","ch04","982 세 왕이 만든 흐름"
"scene","ch03_timeline_practice","ch04","982 태조에서 성종까지"
"scene","ch03_courtyard","ch04","982 처음에는 가게 하나였소"
"scene","ch03_weakening","ch04","982 느려진 하루"
"scene","ch03_farewell","ch04","982 오래 산 사람의 마지막 농담"
"scene","ch03_death","ch04","982 먼저 간 사람"
"scene","ch03_legacy","ch04","982 남겨진 것"
"scene","ch01_exam_70_10","ch02","936 후삼국의 마지막 순서"
"scene","ch01_exam_73_10","ch02","936 견훤의 선택"
"scene","ch01_exam_74_10","ch02","936 신라가 고려에 들어온 뒤"
"scene","ch01_exam_76_10","ch02","936 일리천으로 향한 흐름"
"scene","ch02_exam_69_10","ch03","949 나라를 연 왕의 유산"
"scene","ch02_exam_74_11","ch03","956 광종을 가리키는 단서"
"scene","ch02_exam_76_50","ch03","958 연호 속 광종"
"scene","ch02_exam_77_14","ch03","958 황제국을 표방한 흔적"
"scene","ch02_exam_78_11","ch03","958 시험으로 사람을 뽑다"
"scene","ch03_exam_75_12","ch04","982 태조의 지방 통치"
"scene","ch03_exam_practice_05","ch04","982 지방까지 닿는 왕의 명령"
"scene","ch03_exam_practice_06","ch04","982 스물여덟 가지 건의"
"scene","ch03_exam_practice_07","ch04","982 국가가 세운 교육 기관"
"scene","ch03_exam_practice_08","ch04","982 성종의 통치 방향"
"scene","ch03_exam_practice_09","ch04","982 세 왕의 정책 구분"
"scene","ch01_trade_start","ch01","918 밥값부터 시작하는 장사"
"scene","ch01_jump_927","ch01","927 아홉 해가 흘렀다"
"scene","ch01_missing_traders","ch01","927 돌아오지 않는 사람"
"scene","ch01_gongsan","ch01","927 공산에서 온 소식"
"scene","ch01_conflict","ch01","927 잃을 것이 없다는 말"
"scene","ch01_conflict_night","ch01","927 내가 화난 이유"
"scene","ch01_reconcile","ch01","927 다시 같은 편"
"scene","ch01_jump_930","ch01","930 다시 시작"
"scene","ch01_gochang","ch01","930 이번에는 승리"
"scene","ch01_belonging","ch01","930 우리가 이겼다는 말"
"scene","ch01_jump_935","ch02","935 익숙해진 장부"
"scene","ch01_gyeonhwon","ch02","935 적이 아군이 되다"
"scene","ch01_silla","ch02","935 신라의 마지막"
"scene","ch01_jump_936","ch02","936 마지막 전쟁 앞에서"
"scene","ch01_war_choice","ch02","936 평범한 사람의 몫"
"scene","ch01_war_supply","ch02","936 돌아올 수레의 자리"
"scene","ch01_war_news","ch02","936 소문과 소식 사이"
"scene","ch01_war_refugees","ch02","936 머물 수 있는 자리"
"scene","ch01_victory","ch02","936 끝났다는 소식"
"scene","ch01_unity","ch02","936 후삼국 통일"
"scene","ch01_integration","ch02","937 나라가 하나 된 다음"
"scene","ch01_sasimgwan","ch02","937 김부와 경주를 잇는 이름"
"scene","ch01_giin","ch02","937 수도에 머무는 자제"
"scene","ch01_refugee_family","ch02","938 북쪽에서 온 손님"
"scene","ch01_north","ch02","940 서경으로 보내는 짐"
"scene","ch01_welfare","ch02","941 다시 밥을 지을 사람들"
"scene","ch01_jump_943","ch02","943 스물다섯 번째 해"
"scene","ch01_memory_943","ch02","943 평생 기억할 옷"
"scene","ch01_taejo_death","ch02","943 나라를 연 왕이 떠나다"
"scene","ch01_hunyo","ch02","943 열 가지 당부"
"scene","ch01_guild_seed","ch02","943 도윤상단이라는 이름"
"scene","ch01_farewell","ch02","943 하나가 된 나라"
"scene","ch01_ending_930","ch01","930 고려 사람"
"scene","ch01_clear_930","ch01","930 새로운 나라"
"scene","ch02_open_935","ch02","935 그로부터 5년"
"scene","ch02_news_935","ch02","935 고려의 문을 두드린 사람"
"question","ch01-test-01","ch01","스토리"
"question","ch01-test-02","ch01","스토리"
"question","ch01-test-03","ch02","복습"
"question","ch01-test-04","ch02","복습"
"question","ch01-test-05","ch01","복습"
"question","ch01-boss","ch02","스토리"
"question","ch02-test-01","ch03","스토리"
"question","ch02-test-02","ch03","스토리"
"question","ch02-test-03","ch03","스토리"
"question","ch02-test-04","ch03","스토리"
"question","ch02-test-05","ch03","스토리"
"question","ch03-official-75-basic-10","ch04","스토리"
"question","ch03-practice-02","ch04","스토리"
"question","ch03-practice-03","ch04","스토리"
"question","ch03-practice-04","ch04","스토리"
"question","ch01-official-70-advanced-10","ch02","보관 문항"
"question","ch01-official-73-basic-10","ch02","보관 문항"
"question","ch01-official-74-advanced-10","ch02","보관 문항"
"question","ch01-official-76-advanced-10","ch02","보관 문항"
"question","ch02-official-69-advanced-10","ch03","스토리"
"question","ch02-official-74-advanced-11","ch03","스토리"
"question","ch02-official-76-advanced-50","ch03","스토리"
"question","ch02-official-77-advanced-14","ch03","스토리"
"question","ch02-official-78-advanced-11","ch03","스토리"
"question","ch03-official-75-basic-12","ch04","스토리"
"question","ch03-practice-05","ch04","스토리"
"question","ch03-practice-06","ch04","스토리"
"question","ch03-practice-07","ch04","스토리"
"question","ch03-practice-08","ch04","스토리"
"question","ch03-practice-09","ch04","스토리"
"question","ch01-story-gongsan","ch01","스토리"
"question","ch01-story-gochang","ch01","스토리"
"question","ch01-story-gyeonhwon","ch02","스토리"
"question","ch01-story-silla","ch02","스토리"
"question","ch01-story-integration","ch02","스토리"
"question","ch01-story-north","ch02","스토리"
"question","ch01-story-hunyo","ch02","스토리"
"question","ch01-review-01","ch01","복습"
"question","ch01-review-02","ch01","복습"
"question","ch01-review-03","ch02","복습"
"question","ch01-review-04","ch02","복습"
"question","ch01-review-05","ch01","복습"
"question","ch01-review-06","ch02","복습"
"question","ch01-review-07","ch02","복습"
"question","ch01-review-08","ch01","복습"
"question","ch01-review-09","ch02","복습"
"question","ch01-review-10","ch02","복습"
"card","goryeo-foundation-918","ch01","고려 건국"
"card","ch01-gongsan","ch01","공산 전투"
"card","ch01-gochang","ch01","고창 전투"
"card","ch01-gyeonhwon","ch02","견훤의 고려 귀순"
"card","ch01-silla","ch02","경순왕 김부의 귀순"
"card","ch01-illyecheon","ch02","일리천과 후삼국 통일"
"card","ch01-integration","ch02","혼인과 호족 포섭"
"card","ch01-sasimgwan","ch02","사심관"
"card","ch01-giin","ch02","기인"
"card","ch01-north","ch02","발해 유민과 북진"
"card","ch01-welfare","ch02","민생 안정"
"card","ch01-hunyo","ch02","태조의 죽음과 훈요 10조"
